"Track URI","Track Name","Artist URI(s)","Artist Name(s)","Album URI","Album Name","Album Artist URI(s)","Album Artist Name(s)","Album Release Date","Album Image URL","Disc Number","Track Number","Track Duration (ms)","Track Preview URL","Explicit","Popularity","ISRC","Added By","Added At"
"spotify:track:0qynC1yRTNWI7JEsKV9dwg","These Days (feat. Jess Glynne, Macklemore & Dan Caplen) - Acoustic","spotify:artist:4WN5naL3ofxrVBgFpguzKo, spotify:artist:4ScCswdRlyA23odg9thgIO, spotify:artist:3JhNCzhSMTxs9WLGJJxWOY, spotify:artist:2U3FuHYvL3vhkbDAXm24Ep","Rudimental, Jess Glynne, Macklemore, Dan Caplen","spotify:album:5Q41hlQpul1txWWurdTHtY","These Days (feat. Jess Glynne, Macklemore & Dan Caplen) [Acoustic]","spotify:artist:4WN5naL3ofxrVBgFpguzKo, spotify:artist:4ScCswdRlyA23odg9thgIO, spotify:artist:3JhNCzhSMTxs9WLGJJxWOY","Rudimental, Jess Glynne, Macklemore","2018-02-16","https://i.scdn.co/image/ab67616d0000b2731e0f8284a6b77f174bb58e77","1","1","212692","https://p.scdn.co/mp3-preview/9fef0846e5aa6a5f783d36696f585633131deff9?cid=9950ac751e34487dbbe027c4fd7f8e99","false","59","GBAHS1800044","spotify:user:toshmurph","2022-05-12T14:26:02Z"
"spotify:track:4lHQCzdK3VdYQvQZnnRouG","Alone Again (Naturally)","spotify:artist:4HVmeVTQBgvTuvjB1JYwaf","Gilbert O'Sullivan","spotify:album:7EZeSlS7lupfVVaZXGXVUs","Back to Front (Deluxe Edition)","spotify:artist:4HVmeVTQBgvTuvjB1JYwaf","Gilbert O'Sullivan","1972-01-01","https://i.scdn.co/image/ab67616d0000b2732a17bb450e1326dbac8a456d","1","15","216840","https://p.scdn.co/mp3-preview/d24e950fdaba5d5a1db720a8eb2268378cc86e6a?cid=9950ac751e34487dbbe027c4fd7f8e99","false","70","GBEQJ0400002","spotify:user:toshmurph","2022-05-12T14:26:02Z"
"spotify:track:27hhIs2fp6w06N5zx4Eaa5","Dream A Little Dream Of Me","spotify:artist:1bs7HoMkSyQwcobCpE9KpN","The Mamas & The Papas","spotify:album:0JJMI060q086v9ul5gHdey","The Papas & The Mamas","spotify:artist:1bs7HoMkSyQwcobCpE9KpN","The Mamas & The Papas","1968-05-01","https://i.scdn.co/image/ab67616d0000b2736a7ffb7ecffe490b3abd82af","1","5","194426","https://p.scdn.co/mp3-preview/f523968fb964de89b0e7ac1b2bde13c03b3bd746?cid=9950ac751e34487dbbe027c4fd7f8e99","false","74","USMC16846393","spotify:user:toshmurph","2022-05-12T14:26:02Z"
"spotify:track:6J3HNhDBIwEX11bX8hzx5u","Colors","spotify:artist:6eU0jV2eEZ8XTM7EmlguK6","Black Pumas","spotify:album:3g8HE8pB8nq6DbHf71I2Wa","Black Pumas","spotify:artist:6eU0jV2eEZ8XTM7EmlguK6","Black Pumas","2019-06-21","https://i.scdn.co/image/ab67616d0000b273975cd7f3dbcbb6f713de7e7b","1","2","246586","https://p.scdn.co/mp3-preview/9cb03868eb1cad0b18ade89107302a758cb89b98?cid=9950ac751e34487dbbe027c4fd7f8e99","false","68","USATO1900023","spotify:user:toshmurph","2022-05-12T14:26:02Z"
"spotify:track:70oZtMOR5FDMlcV4w0dfhi","Dynamite","spotify:artist:5Hc9oDGvStNGmnj44m8sHg","Tyler Ward","spotify:album:0VDlt3vXhTVgkhX6OpPtgQ","Covers Vol. 3","spotify:artist:5Hc9oDGvStNGmnj44m8sHg","Tyler Ward","2011-06-01","https://i.scdn.co/image/ab67616d0000b273039d28f7753eec3883221e20","1","2","165101","https://p.scdn.co/mp3-preview/68806332a3d68f8a8ecf8346bf7f6436a8c9d82d?cid=9950ac751e34487dbbe027c4fd7f8e99","false","38","GBDMT0801229","spotify:user:toshmurph","2022-05-12T14:26:02Z"
"spotify:track:7GDOZ3UrVXDnpqV6Jxjb8h","Condemned","spotify:artist:1mbH1NPzRXV9lSPmjpwCwo","Fljúga","spotify:album:0wsJKa13qYyD2npI2cbLS8","Condemned","spotify:artist:1mbH1NPzRXV9lSPmjpwCwo","Fljúga","2020-03-10","https://i.scdn.co/image/ab67616d0000b273395496e1beb659a861364134","1","1","221440","https://p.scdn.co/mp3-preview/233862e82b0dcc450ef2ef52c2aef1d2611d4600?cid=9950ac751e34487dbbe027c4fd7f8e99","false","38","TCAER2076651","spotify:user:toshmurph","2022-05-12T14:26:02Z"
"spotify:track:1wJNpWv8GbyEVAxoxlf3gT","Losing My Religion (Cover)","spotify:artist:0gadJ2b9A4SKsB1RFkBb66","Passenger","spotify:album:2G0bWocjlwYUOkO57TwrIs","Sunday Night Sessions","spotify:artist:0gadJ2b9A4SKsB1RFkBb66","Passenger","2017-07-02","https://i.scdn.co/image/ab67616d0000b2733b4e5451a188f72ef5b6c11a","1","9","283734","https://p.scdn.co/mp3-preview/70c7ac9c034710a13f25026813bef7ab9f1fa3a9?cid=9950ac751e34487dbbe027c4fd7f8e99","false","55","GBMQN1600075","spotify:user:toshmurph","2022-05-12T14:26:02Z"
"spotify:track:6TqDrmjUDqQo4JiF1apQnL","Summertime Sadness (Acoustic Cover) feat. Keelan Donovan","spotify:artist:09kCHZp9iFO2FJNb9lR6G5, spotify:artist:4dOtX7sKkyguhRj1Gkvvl7","Megan Davies, Keelan Donovan","spotify:album:0NXkGd9M9rDxCHTGVvzC66","Summertime Sadness (Acoustic Cover) feat. Keelan Donovan","spotify:artist:09kCHZp9iFO2FJNb9lR6G5","Megan Davies","2014-07-17","https://i.scdn.co/image/ab67616d0000b2734bc7da1aa506458eb2574856","1","1","231013","https://p.scdn.co/mp3-preview/e368161c581227fef5e3cddfaa1229a0d06202d8?cid=9950ac751e34487dbbe027c4fd7f8e99","false","55","QMPKX1453921","spotify:user:toshmurph","2022-05-12T14:26:02Z"
"spotify:track:0QX03P89kiZIdg1h2UYERo","If You Stay","spotify:artist:1rQ2ssALv6BirzJJxwETXO","Alex Hepburn","spotify:album:2ptUS7vVvBKOD5PUSXZsGi","Things I've Seen","spotify:artist:1rQ2ssALv6BirzJJxwETXO","Alex Hepburn","2019-04-19","https://i.scdn.co/image/ab67616d0000b27330eea8726fa8aa21ff0bb389","1","6","194573","https://p.scdn.co/mp3-preview/865cec7e67d3ba0a6371509dca9515a51bd859dd?cid=9950ac751e34487dbbe027c4fd7f8e99","true","48","FRZ041800529","spotify:user:toshmurph","2022-05-12T14:26:02Z"
"spotify:track:6Apie9WiGFFyC9JBwGubtE","What You Mean to Me","spotify:artist:3WGOErkjiY0BaAcssRZKan","Kaach","spotify:album:6uYZOvB362MkuUBcffsxqh","What You Mean to Me","spotify:artist:3WGOErkjiY0BaAcssRZKan","Kaach","2021-03-26","https://i.scdn.co/image/ab67616d0000b27314fc5e6d33ad27a8883ac544","1","1","184000","https://p.scdn.co/mp3-preview/1767c0efcad1f05a87f51168536578df41ce0d76?cid=9950ac751e34487dbbe027c4fd7f8e99","false","27","TCAFI2183045","spotify:user:toshmurph","2022-05-12T14:26:02Z"
"spotify:track:4pGe711Sg4M7jcvPK94hDn","Summer Days","spotify:artist:2tPR0lWEWNyDUHPeVEhewu, spotify:artist:4V8wJAPq2ar1y1Zc8d9DhI","Radio Citizen, Bajka","spotify:album:11zRUHbGnWrbz6skl14qaI","Hope and Despair","spotify:artist:2tPR0lWEWNyDUHPeVEhewu","Radio Citizen","2010-10-19","https://i.scdn.co/image/ab67616d0000b273d6007d79c7a2a16300be1025","1","3","276453","","false","0","USUR41027903","spotify:user:toshmurph","2022-05-12T14:26:02Z"
"spotify:track:1Ue0oCRGIs4ARyg3ucMmRJ","Let Me Love You - Recorded at Spotify Studios NYC","spotify:artist:4AcHt3JxKy59IX7JNNlZn4","Fitz and The Tantrums","spotify:album:0IHfimWKQ6PMXKEekqHp36","Spotify Singles","spotify:artist:4AcHt3JxKy59IX7JNNlZn4","Fitz and The Tantrums","2016-12-14","https://i.scdn.co/image/ab67616d0000b2734fe5245419acd8c17a7ccce5","1","2","221361","https://p.scdn.co/mp3-preview/46ded1e768c583b7859abf784ffadbd221804b7f?cid=9950ac751e34487dbbe027c4fd7f8e99","false","48","USAT21603687","spotify:user:toshmurph","2022-05-12T14:26:02Z"
"spotify:track:49ryxKodPfFav474b3gIDl","Ask Me for a Dance","spotify:artist:1mbH1NPzRXV9lSPmjpwCwo","Fljúga","spotify:album:3csKRYaJfyKobtehNGasrW","Ask Me for a Dance","spotify:artist:1mbH1NPzRXV9lSPmjpwCwo","Fljúga","2020-03-10","https://i.scdn.co/image/ab67616d0000b273020ea2fa117acd388d5c25c0","1","1","197984","https://p.scdn.co/mp3-preview/c579f5d146f4561c435952e66faf6365add9f6f3?cid=9950ac751e34487dbbe027c4fd7f8e99","false","33","TCAER2076680","spotify:user:toshmurph","2022-05-12T14:26:02Z"
"spotify:track:3zBhihYUHBmGd2bcQIobrF","(Sittin' On) the Dock of the Bay","spotify:artist:60df5JBRRPcnSpsIMxxwQm","Otis Redding","spotify:album:03HMOcANauhLD0WNrMkmLU","The Dock of the Bay (Mono)","spotify:artist:60df5JBRRPcnSpsIMxxwQm","Otis Redding","1968","https://i.scdn.co/image/ab67616d0000b2730acddc8ccf8d14858fbeddf5","1","1","163755","https://p.scdn.co/mp3-preview/6b33eae61b9232d7c5d0c1917befb306d2bf3a7c?cid=9950ac751e34487dbbe027c4fd7f8e99","false","82","USAT21403443","spotify:user:toshmurph","2022-05-12T14:26:02Z"
"spotify:track:5p3JunprHCxClJjOmcLV8G","Walk On the Wild Side","spotify:artist:42TFhl7WlMRXiNqzSrnzPL","Lou Reed","spotify:album:5SqbMEyAt8332ISGiLX0St","Transformer","spotify:artist:42TFhl7WlMRXiNqzSrnzPL","Lou Reed","1972-12-01","https://i.scdn.co/image/ab67616d0000b273d55149748dca0e5a1f40778e","1","5","254173","https://p.scdn.co/mp3-preview/afe92a16fcc7d89cd74938d91c9c752bfb65c189?cid=9950ac751e34487dbbe027c4fd7f8e99","false","75","USRC17201948","spotify:user:toshmurph","2022-05-12T14:26:02Z"
"spotify:track:0TRmtiR9q6XnYDzXmoMpGC","All My Heroes - Radio Edit","spotify:artist:2DYDFBqoaBP2i9XrTGpOgF, spotify:artist:58obmxGKVKCenZAkACSMgJ","Naeleck, Sarah Rebecca","spotify:album:47ivZmuVI0HboDeCl6uOZv","All My Heroes","spotify:artist:2DYDFBqoaBP2i9XrTGpOgF, spotify:artist:58obmxGKVKCenZAkACSMgJ","Naeleck, Sarah Rebecca","2020-07-31","https://i.scdn.co/image/ab67616d0000b2733f611304c207d30e6c90cec3","1","2","228433","https://p.scdn.co/mp3-preview/440c325b82f85147826092b43f64ce237674229e?cid=9950ac751e34487dbbe027c4fd7f8e99","false","66","FRR642000625","spotify:user:toshmurph","2022-05-12T14:26:02Z"
"spotify:track:4SNtyKNyYJ8ERT7YLlnFBr","So Young","spotify:artist:4kI8Ie27vjvonwaB2ePh8T","Portugal. The Man","spotify:album:4VzzEviJGYUtAeSsJlI9QB","Woodstock","spotify:artist:4kI8Ie27vjvonwaB2ePh8T","Portugal. The Man","2017-06-16","https://i.scdn.co/image/ab67616d0000b273af52c228c9619ff6298b08cd","1","7","246480","https://p.scdn.co/mp3-preview/42a23fe2aa10394ff125ae9f08f5c40eac423715?cid=9950ac751e34487dbbe027c4fd7f8e99","false","63","USAT21700820","spotify:user:toshmurph","2022-05-12T14:26:02Z"
"spotify:track:7nZ9CzhiFRPhOQCn7eDSnn","Vanille fraise","spotify:artist:4PwlsrN0t5mLN0C827cbEU","L'Impératrice","spotify:album:41Ht5x3AgpMVmoFoIzaUPO","Vanille fraise","spotify:artist:4PwlsrN0t5mLN0C827cbEU","L'Impératrice","2015","https://i.scdn.co/image/ab67616d0000b2734378e3b644f45841c3008454","1","1","238183","https://p.scdn.co/mp3-preview/16a2c6429ca8f368b4be46910f491669092d32d2?cid=9950ac751e34487dbbe027c4fd7f8e99","false","65","FR9W11523834","spotify:user:toshmurph","2022-05-12T14:26:02Z"
"spotify:track:2AhqPhQ4E1r9v2i2TfJHR0","Landslide","spotify:artist:5dUUxJQg27XaHdKyLYwNg5, spotify:artist:6NQ43mtSf2OvGJ02QZC8E6","Molly Parden, Hollow Hum","spotify:album:2XB49bxOGV2L6tz6vkwRjT","Why Worry: A Collection of Covers","spotify:artist:5dUUxJQg27XaHdKyLYwNg5, spotify:artist:6NQ43mtSf2OvGJ02QZC8E6","Molly Parden, Hollow Hum","2019-06-28","https://i.scdn.co/image/ab67616d0000b273ccfed6a7441a55fbe811b7b5","1","2","245906","https://p.scdn.co/mp3-preview/ab52b451ea1e3c0a80cbf4e78967e8ebe88dbc9d?cid=9950ac751e34487dbbe027c4fd7f8e99","false","53","TCAEG1980351","spotify:user:toshmurph","2022-05-12T14:26:02Z"
"spotify:track:5To3UtP7q2TMwzYN3bElZs","Move With Me","spotify:artist:0FiWU7d449v3BcyuBhIOEh","Locals Only Sound","spotify:album:5RS7IQdbKdI8RBE3zN8iKa","Move With Me","spotify:artist:0FiWU7d449v3BcyuBhIOEh","Locals Only Sound","2020-07-17","https://i.scdn.co/image/ab67616d0000b273220b144ca614b6e5c4e6ff32","1","1","185640","https://p.scdn.co/mp3-preview/57bac24ffd894a8056e1a78176479b90870d7339?cid=9950ac751e34487dbbe027c4fd7f8e99","false","44","CAUM72000136","spotify:user:toshmurph","2022-05-12T14:26:02Z"
"spotify:track:6gSmzwTXsmbT01P1kZztcM","Darkness Is Not the Opposite of Light","spotify:artist:2hucdsWygI7yl1lH8GnREw","Ahzuras","spotify:album:6Uo0E3RP9UJhsFSvEeTWzN","Darkness Is Not the Opposite of Light","spotify:artist:2hucdsWygI7yl1lH8GnREw","Ahzuras","2022-04-08","https://i.scdn.co/image/ab67616d0000b2734f452bbc21c505ddf83dbe10","1","1","139568","https://p.scdn.co/mp3-preview/1ccaeff17b0e8c5d74ad29e6b37c0ef9aecddd7c?cid=9950ac751e34487dbbe027c4fd7f8e99","false","48","TCAGD2273877","spotify:user:toshmurph","2022-05-12T14:26:02Z"
"spotify:track:2QNslj8z9eISTioTcibLFI","Philosophical","spotify:artist:5ct2WFb5gFMXAntFsAwA0y","Sonia Stein","spotify:album:6A7h6bxyachT9tC75iSzoT","Philosophical","spotify:artist:5ct2WFb5gFMXAntFsAwA0y","Sonia Stein","2020-06-05","https://i.scdn.co/image/ab67616d0000b273dfbf1c1a55a159447497c7f7","1","1","221243","","false","0","GBX722000134","spotify:user:toshmurph","2022-05-12T14:26:02Z"
"spotify:track:7zkLpY72g6lKQbiHDqri1S","Sunrise","spotify:artist:2Kx7MNY7cI1ENniW7vT30N","Norah Jones","spotify:album:7GaAXgbFSpcJOiLlFGYyOL","Feels Like Home","spotify:artist:2Kx7MNY7cI1ENniW7vT30N","Norah Jones","2004-01-01","https://i.scdn.co/image/ab67616d0000b27364026be0e09c1beda2f67c32","1","1","200626","https://p.scdn.co/mp3-preview/d86e79493c82c33f85d8b9bcba35b756c1b7b1ce?cid=9950ac751e34487dbbe027c4fd7f8e99","false","75","USBN20300893","spotify:user:toshmurph","2022-05-12T14:26:02Z"
"spotify:track:2rraSZfmRIIU5na1OH7L0q","Why Georgia (RAWsession) [originally by John Mayer]","spotify:artist:7rkZ1O9S0fLbpWMQApubz5","Jess Delgado","spotify:album:0ECa20b3UM57SWWLc9MTLV","Jess Delgado RAWsession - 5.25.10","spotify:artist:7rkZ1O9S0fLbpWMQApubz5","Jess Delgado","2010-08-03","https://i.scdn.co/image/ab67616d0000b27341377d0a70fc74de9d4b7e49","1","1","266793","","false","0","USQY51065559","spotify:user:toshmurph","2022-05-12T14:26:02Z"
"spotify:track:3F10BKDjv8mD0Ecmw9IBkm","Jardin d'hiver","spotify:artist:26Kq9bSJsElA93PflKEB1A","Benjamin Biolay","spotify:album:275Kpja2g9Md6oFc0pFVWf","Songbook","spotify:artist:26Kq9bSJsElA93PflKEB1A, spotify:artist:1ihaGBQK3YgmvIoycZdDA1","Benjamin Biolay, Melvil Poupaud","2018-11-16","https://i.scdn.co/image/ab67616d0000b27310bae54397fc7d7ce2c39545","1","6","206173","https://p.scdn.co/mp3-preview/e0ead7370f630741c1991e5b87f32f6aae40c4b5?cid=9950ac751e34487dbbe027c4fd7f8e99","false","37","FRUM71801732","spotify:user:toshmurph","2022-05-12T14:26:02Z"
"spotify:track:7wch5iJo4JFtmrRfPVUBr1","Youth Memories","spotify:artist:1mbH1NPzRXV9lSPmjpwCwo","Fljúga","spotify:album:1iHncXwENs5HdbP4bKM7FC","Youth Memories","spotify:artist:1mbH1NPzRXV9lSPmjpwCwo","Fljúga","2019-08-16","https://i.scdn.co/image/ab67616d0000b273025574af087814156e186764","1","1","183647","https://p.scdn.co/mp3-preview/98c0d3a20a0fcd3cd8fe0a980055437aa7c33cb6?cid=9950ac751e34487dbbe027c4fd7f8e99","false","38","TCAEJ1957823","spotify:user:toshmurph","2022-05-12T14:26:02Z"
"spotify:track:6nWh37Xjbph0Zr0dTJGZ2p","Teenage Dirtbag","spotify:artist:6jEiUoyyJNPHzSR0Nib6HX","Walk off the Earth","spotify:album:6csWPrRMyZDT3DRu7QOodg","Teenage Dirtbag","spotify:artist:6jEiUoyyJNPHzSR0Nib6HX","Walk off the Earth","2016-05-24","https://i.scdn.co/image/ab67616d0000b273c6824bd81ab68baaef37f226","1","1","199200","https://p.scdn.co/mp3-preview/747bd3253237765ff20dfd6fa254a3d4047b24af?cid=9950ac751e34487dbbe027c4fd7f8e99","false","51","usdy41619277","spotify:user:toshmurph","2022-05-12T14:26:02Z"
"spotify:track:7mFdBHaLI853iD5LsF64O3","Lately","spotify:artist:49HlOY4gkHqsYG9GCuhkcc, spotify:artist:2hwy5DELim1AxB1sHPqn4y","Celeste, Gotts Street Park","spotify:album:1b6vrz4UR6TsrPS3hkpJqd","Lately","spotify:artist:49HlOY4gkHqsYG9GCuhkcc, spotify:artist:2hwy5DELim1AxB1sHPqn4y","Celeste, Gotts Street Park","2018-11-18","https://i.scdn.co/image/ab67616d0000b2730df712f4658ace93d1a823e0","1","1","251885","","false","0","GBUM71807002","spotify:user:toshmurph","2022-05-12T14:26:02Z"
"spotify:track:4mJDfMcT7odIUjWlb2WO4L","Baby One More Time - Recorded at Spotify Studios New York City","spotify:artist:6eUKZXaKkcviH0Ku9w2n3V","Ed Sheeran","spotify:album:14mR6XKPmsxzvOYCkqubJF","Spotify Singles","spotify:artist:6eUKZXaKkcviH0Ku9w2n3V","Ed Sheeran","2017-06-07","https://i.scdn.co/image/ab67616d0000b273aab63e35f9c8daf5a7c0fa69","1","2","177214","https://p.scdn.co/mp3-preview/9439768f241ea46040622e9589bf9e29f738329b?cid=9950ac751e34487dbbe027c4fd7f8e99","false","64","GBAHS1700526","spotify:user:toshmurph","2022-05-12T14:26:02Z"
"spotify:track:0egK4KDql5ChWfi5r5YZyR","Lovefool","spotify:artist:53f2OKMfVLTsHFkGyA5dnz","Lisa Mitchell","spotify:album:1GMU7zs8s3p3gYKsJNRhp7","When They Play That Song","spotify:artist:53f2OKMfVLTsHFkGyA5dnz","Lisa Mitchell","2017-09-15","https://i.scdn.co/image/ab67616d0000b2732fce3dc8db8baa0cfbb2530d","1","5","195299","","false","0","GBENL1702039","spotify:user:toshmurph","2022-05-12T14:26:02Z"
"spotify:track:77tKWPApXR23eh2kBWrNPP","Ces mots simples","spotify:artist:1FmxE030Xe2H8Bn9bdv6Pd","Vanessa Paradis","spotify:album:18bPsu30Mp6qJXOqTAIRb6","Les sources","spotify:artist:1FmxE030Xe2H8Bn9bdv6Pd","Vanessa Paradis","2018-11-16","https://i.scdn.co/image/ab67616d0000b27363122e8b7653a8ec5a13d1c1","1","4","174573","https://p.scdn.co/mp3-preview/2c58110d18b7139d216298c9bc7dddc2b83f3eb3?cid=9950ac751e34487dbbe027c4fd7f8e99","false","44","FRUM71801785","spotify:user:toshmurph","2022-05-12T14:26:02Z"
"spotify:track:0Apfja29i6OUGVQCkNWUdb","Midsummer Tiny Song","spotify:artist:6F3DHWwL3PhI9JiCHtiAh2","Aashi","spotify:album:0w0cmBlBWEsdPkn3gPdAQv","Midsummer Tiny Song","spotify:artist:6F3DHWwL3PhI9JiCHtiAh2","Aashi","2022-04-08","https://i.scdn.co/image/ab67616d0000b27339fbc2f27cc619aec65b7e4c","1","1","228444","https://p.scdn.co/mp3-preview/c282a86fb168856a4741ddb2d0eb59ba7016c479?cid=9950ac751e34487dbbe027c4fd7f8e99","false","46","TCAGD2274099","spotify:user:toshmurph","2022-05-12T14:26:02Z"
"spotify:track:4LLTqpc4ywNrx89seBQi3w","When Doves Cry - Recorded At Spotify Studios NYC","spotify:artist:6nFBonVf7Lqaj05R0v5VGJ","Sarah Jarosz","spotify:album:1fL8ABOXukxK8fbjLLNcBk","Spotify Singles","spotify:artist:6nFBonVf7Lqaj05R0v5VGJ","Sarah Jarosz","2017-07-19","https://i.scdn.co/image/ab67616d0000b2734d18e12390d6bdf8a04c7087","1","2","280827","https://p.scdn.co/mp3-preview/969483c116a7cfac5127931dcb759ef8d7d24f77?cid=9950ac751e34487dbbe027c4fd7f8e99","false","52","USC4R1701477","spotify:user:toshmurph","2022-05-12T14:26:02Z"
"spotify:track:6n50vexd6yBNvSOc6QHT5X","The Girl From Ipanema","spotify:artist:0FMucZsEnCxs5pqBjHjIc8, spotify:artist:77ZUbcdoU5KCPHNUl8bgQy, spotify:artist:5rX2c1zow6hCph8PnnU3kF","Stan Getz, João Gilberto, Astrud Gilberto","spotify:album:08HyQbnGbDvcZmEM5hPRrr","Getz/Gilberto","spotify:artist:0FMucZsEnCxs5pqBjHjIc8, spotify:artist:77ZUbcdoU5KCPHNUl8bgQy","Stan Getz, João Gilberto","1964-04","https://i.scdn.co/image/ab67616d0000b27390b5036a09ba1508e5edd19f","1","1","317986","","false","0","USPR36305146","spotify:user:toshmurph","2022-05-12T14:26:02Z"
"spotify:track:0pKFBjiyiDsp8iUSaBKZD0","Departure","spotify:artist:2hucdsWygI7yl1lH8GnREw","Ahzuras","spotify:album:2cnaN2krmiQYGHr6Ji1WQb","Departure","spotify:artist:2hucdsWygI7yl1lH8GnREw","Ahzuras","2022-04-08","https://i.scdn.co/image/ab67616d0000b2733fe24368f6bf00b399f3bf27","1","1","133837","https://p.scdn.co/mp3-preview/e99db26b125704d737877e463e1e3379bde6c767?cid=9950ac751e34487dbbe027c4fd7f8e99","false","45","TCAGD2273919","spotify:user:toshmurph","2022-05-12T14:26:02Z"
"spotify:track:2GJGzIIazwZggmRIcd7JMY","Cherry Tree","spotify:artist:0ExEnpcGKc5MiLUQXfCN38","Corey Hales","spotify:album:0U78X9oU84oDLcMtQ4DBXE","Cherry Tree","spotify:artist:0ExEnpcGKc5MiLUQXfCN38","Corey Hales","2021-10-22","https://i.scdn.co/image/ab67616d0000b27318a0546dbc10e11e9564d79b","1","1","176000","https://p.scdn.co/mp3-preview/48b814a180e4b12914c1a7925aacece0481b110d?cid=9950ac751e34487dbbe027c4fd7f8e99","false","23","USLD91734655","spotify:user:toshmurph","2022-05-12T14:26:02Z"
"spotify:track:32jZ6tSLsSwFJkxNdWiqFx","Shiny Demise","spotify:artist:5hmJ3DqZwkYDk0qGHsO14N","Neptune","spotify:album:6LwmT9RrTd2ZyEjxDU9pPK","Shiny Demise","spotify:artist:5hmJ3DqZwkYDk0qGHsO14N","Neptune","2022-02-25","https://i.scdn.co/image/ab67616d0000b273343175eb8dec39e123b27449","1","1","244000","https://p.scdn.co/mp3-preview/21af1a4d49c527d012d7939ec496f6de9ba08f40?cid=9950ac751e34487dbbe027c4fd7f8e99","false","24","USLD91736666","spotify:user:toshmurph","2022-05-12T14:26:02Z"
"spotify:track:07miJxopLxBnXuMGyOSLXv","Free as a Bird","spotify:artist:0Rb6PZXrcxvzixAwZwFmMu","Soom T","spotify:album:6PE1Bl4C9sqAQdlmm5DrB6","Free as a Bird","spotify:artist:0Rb6PZXrcxvzixAwZwFmMu","Soom T","2015-11-13","https://i.scdn.co/image/ab67616d0000b27323f0a761e223f9f85673ea74","1","11","209120","https://p.scdn.co/mp3-preview/6fc3ed3a7bbd978ef8fcf40c977d1346eacf3ed9?cid=9950ac751e34487dbbe027c4fd7f8e99","false","49","FR6F31506669","spotify:user:toshmurph","2022-05-12T14:26:02Z"
"spotify:track:0BgbobvykXxEvxo2HhCuvM","Banana Pancakes","spotify:artist:3GBPw9NK25X1Wt2OUvOwY3","Jack Johnson","spotify:album:2B9q4KPjOEYu885Keo9dfX","In Between Dreams","spotify:artist:3GBPw9NK25X1Wt2OUvOwY3","Jack Johnson","2005-01-01","https://i.scdn.co/image/ab67616d0000b273628dba01c669d89586967dc5","1","3","191906","https://p.scdn.co/mp3-preview/3e44b8e6e58449d284d2db0845c0bdff51573289?cid=9950ac751e34487dbbe027c4fd7f8e99","false","72","USMC60400032","spotify:user:toshmurph","2022-05-12T14:26:02Z"
"spotify:track:58nFR7JSNruDFWKn1Re3n2","Empty Room","spotify:artist:6F3DHWwL3PhI9JiCHtiAh2","Aashi","spotify:album:2KN6bv7Cf9HKfRukz2UtlP","Empty Room","spotify:artist:6F3DHWwL3PhI9JiCHtiAh2","Aashi","2022-04-08","https://i.scdn.co/image/ab67616d0000b2736cd65e5a5b34e2acbde781a9","1","1","193542","https://p.scdn.co/mp3-preview/301211575438e4c93d3cde15a12402abc4d0131f?cid=9950ac751e34487dbbe027c4fd7f8e99","false","51","TCAGD2273999","spotify:user:toshmurph","2022-05-12T14:26:02Z"
"spotify:track:1WC2ctyzNjpgkhF0dplias","Halcyon Birds","spotify:artist:4nx8ehrFiCOmWgebUKshDV","Broken Back","spotify:album:6OL68J5ZRlWyOpO7lEbn7s","Dear Misfortune, Mother of Joy - EP","spotify:artist:4nx8ehrFiCOmWgebUKshDV","Broken Back","2015-08-06","https://i.scdn.co/image/ab67616d0000b273ac43954a1c3bf8d7643e6d5f","1","1","273653","https://p.scdn.co/mp3-preview/21d18a57702c1c73df8bdf7675b7f609e6ec62c0?cid=9950ac751e34487dbbe027c4fd7f8e99","false","61","FR9W11420186","spotify:user:toshmurph","2022-05-12T14:26:02Z"
"spotify:track:2LuQhqISvf4j2u93APmvUF","Something Good","spotify:artist:3XHO7cRUPCLOr6jwp8vsx5","alt-J","spotify:album:0rAzQOoQt2TYPydLwBpy8L","Something Good (Remixes)","spotify:artist:3XHO7cRUPCLOr6jwp8vsx5","alt-J","2012-12-14","https://i.scdn.co/image/ab67616d0000b273a5a64f15594a046b1726041d","1","1","218240","","false","0","GBZUZ1200069","spotify:user:toshmurph","2022-05-12T14:26:02Z"
"spotify:track:0VtFGtivXsNESTS1obxocz","Au début","spotify:artist:7f2jQ928ZRehCJrGGHN46J","Renan Luce","spotify:album:6URLzqJsHu81RVKPybvexf","Renan Luce","spotify:artist:7f2jQ928ZRehCJrGGHN46J","Renan Luce","2019-05-24","https://i.scdn.co/image/ab67616d0000b273edf0c1e4734f3b7cbf05cba6","1","1","203640","https://p.scdn.co/mp3-preview/f6b67831f3b7c10b46f8f1b92c69baff20900b60?cid=9950ac751e34487dbbe027c4fd7f8e99","false","44","FRUM71900262","spotify:user:toshmurph","2022-05-12T14:26:02Z"
"spotify:track:051ygrv9q98hsBlpXEqoKc","If Melancholy Were Music","spotify:artist:6F3DHWwL3PhI9JiCHtiAh2","Aashi","spotify:album:6bYhBbOzmDyEW74hJ1WwbH","If Melancholy Were Music","spotify:artist:6F3DHWwL3PhI9JiCHtiAh2","Aashi","2022-04-08","https://i.scdn.co/image/ab67616d0000b273fe046891c14fe5be0606f2b0","1","1","168669","https://p.scdn.co/mp3-preview/009036c48278cdd12ad4ed49c940e80d9adb903e?cid=9950ac751e34487dbbe027c4fd7f8e99","false","47","TCAGD2274038","spotify:user:toshmurph","2022-05-12T14:26:02Z"
"spotify:track:1ICUVPtaZlWQ45aQCtmW2y","I Love You (432 Hz) (with Greeicy)","spotify:artist:3XcCT5MPlQPWFTJyzXbfuX, spotify:artist:5dbaLmK5SHLLg8Z4CcTJpX","Maejor, Greeicy","spotify:album:3HI2xAgLyGEw4w66lmwUQk","I Love You (432 Hz) (with Greeicy)","spotify:artist:3XcCT5MPlQPWFTJyzXbfuX, spotify:artist:5dbaLmK5SHLLg8Z4CcTJpX","Maejor, Greeicy","2019-07-26","https://i.scdn.co/image/ab67616d0000b273bb73644d15824e63736a7689","1","1","171000","https://p.scdn.co/mp3-preview/6b3cdd4b6fd8a24b7351fc8b887304602b39f404?cid=9950ac751e34487dbbe027c4fd7f8e99","false","52","GBUM71903395","spotify:user:toshmurph","2022-05-12T14:26:02Z"
"spotify:track:2b8fOow8UzyDFAE27YhOZM","Memories","spotify:artist:04gDigrS5kc9YWfZHwBETP","Maroon 5","spotify:album:3nR9B40hYLKLcR0Eph3Goc","Memories","spotify:artist:04gDigrS5kc9YWfZHwBETP","Maroon 5","2019-09-20","https://i.scdn.co/image/ab67616d0000b273b8c0135a218de2d10a8435f5","1","1","189486","https://p.scdn.co/mp3-preview/e0faeb5bd806d8c5673114e2aa9c57f72dd6330a?cid=9950ac751e34487dbbe027c4fd7f8e99","false","30","USUM71913350","spotify:user:toshmurph","2022-05-12T14:26:02Z"
"spotify:track:4SVTBPtt4yAWM5j2xfDnOq","Some","spotify:artist:0WFqJFVRcVVS07K1GrzXHK","Fenton Sykes","spotify:album:0gGpjFVWLBI7VakSHHH1Gz","Some","spotify:artist:0WFqJFVRcVVS07K1GrzXHK","Fenton Sykes","2022-04-18","https://i.scdn.co/image/ab67616d0000b2734c5a4697cd184e8aa322a32d","1","1","251884","https://p.scdn.co/mp3-preview/970157e4d87a196edd01b7b01652f58e3fc4f49b?cid=9950ac751e34487dbbe027c4fd7f8e99","false","45","GX4R52251987","spotify:user:toshmurph","2022-05-12T14:26:02Z"
"spotify:track:3sdQc5O5BpgSi1rYsZTbsI","Pino","spotify:artist:0H6d1hFVG6PEsCHwNF0MgY","Jack Worth","spotify:album:73BTEpScpbSoiu9YIVINHj","Pino","spotify:artist:0H6d1hFVG6PEsCHwNF0MgY","Jack Worth","2022-04-23","https://i.scdn.co/image/ab67616d0000b27363939868e97a898212b31ffc","1","1","161621","","false","2","GX4R52263322","spotify:user:toshmurph","2022-05-12T14:26:02Z"
"spotify:track:2sMtFmLPWyQO81dt4EZ6aB","Seconda Navigazione","spotify:artist:0H6d1hFVG6PEsCHwNF0MgY","Jack Worth","spotify:album:3QyU4ghk2gl1Ywe0zWeayw","Seconda Navigazione","spotify:artist:0H6d1hFVG6PEsCHwNF0MgY","Jack Worth","2022-04-23","https://i.scdn.co/image/ab67616d0000b2735e8677045c11388694a9b97a","1","1","137834","https://p.scdn.co/mp3-preview/33b6656e3f703e8655b7fb509dd5f91a4a1e5c23?cid=9950ac751e34487dbbe027c4fd7f8e99","false","45","GX4R52263339","spotify:user:toshmurph","2022-05-12T14:26:02Z"
"spotify:track:3ZrnSZvOYBRzsO54mt5Xrj","Summer Nights","spotify:artist:0WFqJFVRcVVS07K1GrzXHK","Fenton Sykes","spotify:album:444e6BNRVexzi7B4TN5MGY","Summer Nights","spotify:artist:0WFqJFVRcVVS07K1GrzXHK","Fenton Sykes","2022-04-18","https://i.scdn.co/image/ab67616d0000b27331a789eb677be26ab8a7f43f","1","1","107769","https://p.scdn.co/mp3-preview/cc21fc8cc36a59ae805cde90fd13e2e5e90fdb0f?cid=9950ac751e34487dbbe027c4fd7f8e99","false","49","GX4R52251997","spotify:user:toshmurph","2022-05-12T14:26:02Z"
"spotify:track:6Xt3IhbQwXBODfCOnFuy0c","Threnody","spotify:artist:0WFqJFVRcVVS07K1GrzXHK","Fenton Sykes","spotify:album:3aOm9T5WvM0ix4hPVBcP62","Threnody","spotify:artist:0WFqJFVRcVVS07K1GrzXHK","Fenton Sykes","2022-04-18","https://i.scdn.co/image/ab67616d0000b27326d34e2a9fc4e1ac2b697eb8","1","1","212358","https://p.scdn.co/mp3-preview/cdc9c9a07869945039bd874f56b59c2976621a42?cid=9950ac751e34487dbbe027c4fd7f8e99","false","43","GX4R52252024","spotify:user:toshmurph","2022-05-12T14:26:02Z"
"spotify:track:4Wxc8Bm4Hrw2jolRkrYsbb","Wind Song","spotify:artist:2pkE2M613Yxvm2t7Iq3xxp","Jacob Terris","spotify:album:1YT3xQDrPm1boXtvBQJsTR","Wind Song","spotify:artist:2pkE2M613Yxvm2t7Iq3xxp","Jacob Terris","2022-04-23","https://i.scdn.co/image/ab67616d0000b27316ab969b52b41d2c3d91d399","1","1","148228","https://p.scdn.co/mp3-preview/f0855e287f86d4bdccce4101f17e231468b68f19?cid=9950ac751e34487dbbe027c4fd7f8e99","false","47","GX4R52263088","spotify:user:toshmurph","2022-05-12T14:26:02Z"
"spotify:track:7eHy4rei2ahYtLwHD637NF","Threnody","spotify:artist:2pkE2M613Yxvm2t7Iq3xxp","Jacob Terris","spotify:album:7cxLbnhRKof36pW9CaupgS","Threnody","spotify:artist:2pkE2M613Yxvm2t7Iq3xxp","Jacob Terris","2022-04-23","https://i.scdn.co/image/ab67616d0000b27373f9a9590822578e5f61c9ef","1","1","278581","https://p.scdn.co/mp3-preview/31c9bea434dd0b1147204513c9a22303db613dc2?cid=9950ac751e34487dbbe027c4fd7f8e99","false","43","GX4R52263046","spotify:user:toshmurph","2022-05-12T14:26:02Z"
"spotify:track:3z5FeBjjvMTA3biFKrai5M","Norrsken","spotify:artist:0H6d1hFVG6PEsCHwNF0MgY","Jack Worth","spotify:album:4pY1d5BZrMXFELwzLnUR8r","Norrsken","spotify:artist:0H6d1hFVG6PEsCHwNF0MgY","Jack Worth","2022-04-23","https://i.scdn.co/image/ab67616d0000b273d338b78f5e549f9c9f45f30b","1","1","91869","https://p.scdn.co/mp3-preview/0495005fdd2afb7ff5312de532c4b6532df865b5?cid=9950ac751e34487dbbe027c4fd7f8e99","false","43","GX4R52263317","spotify:user:toshmurph","2022-05-12T14:26:02Z"
"spotify:track:4wVw87kZttYfS1VnteoSv7","Labyrinth","spotify:artist:5Ik4h4Ndqp2zUu84QTNmqZ","Boccaccio Capello","spotify:album:3cU0ESkSzasLpLrI3S8VRH","Labyrinth","spotify:artist:5Ik4h4Ndqp2zUu84QTNmqZ","Boccaccio Capello","2022-04-23","https://i.scdn.co/image/ab67616d0000b273c37649f16aecbab167311787","1","1","147907","https://p.scdn.co/mp3-preview/e6e86f202185d3ce8bbd8767ea7daf98d0c2ff4a?cid=9950ac751e34487dbbe027c4fd7f8e99","false","44","GX4R52263307","spotify:user:toshmurph","2022-05-12T14:26:02Z"
"spotify:track:2caehjQYXw16m4Ku7iSPui","We Move Lightly","spotify:artist:2pkE2M613Yxvm2t7Iq3xxp","Jacob Terris","spotify:album:0xC8BQfnLTiYEvVpNifR2g","We Move Lightly","spotify:artist:2pkE2M613Yxvm2t7Iq3xxp","Jacob Terris","2022-04-23","https://i.scdn.co/image/ab67616d0000b273a0219624ce081a30855f58c8","1","1","180724","https://p.scdn.co/mp3-preview/d58f27cb40c50e6993100b90b5d2faf442a021a4?cid=9950ac751e34487dbbe027c4fd7f8e99","false","43","GX4R52263068","spotify:user:toshmurph","2022-05-12T14:26:02Z"
"spotify:track:2Gsq4KWzBDjFbpLTG8Q0vE","Wild Side","spotify:artist:2pkE2M613Yxvm2t7Iq3xxp","Jacob Terris","spotify:album:3vz0vHFnB1LNOm4PyZKXVG","Wild Side","spotify:artist:2pkE2M613Yxvm2t7Iq3xxp","Jacob Terris","2022-04-23","https://i.scdn.co/image/ab67616d0000b273adc0fb72c906d464d1508922","1","1","213031","https://p.scdn.co/mp3-preview/fa6febca8ec7170eb3b94ea058f5fe65fda53021?cid=9950ac751e34487dbbe027c4fd7f8e99","false","43","GX4R52262940","spotify:user:toshmurph","2022-05-12T14:26:02Z"
"spotify:track:4K1BAexgAFOBSqYEMNFdJ4","Historiette No.5","spotify:artist:4MpvpwCqwgWkDNt49TeGcu","Allan Everett","spotify:album:4zC9YuFLPAwdVWQp7APbIO","Historiette No.5","spotify:artist:4MpvpwCqwgWkDNt49TeGcu","Allan Everett","2022-04-23","https://i.scdn.co/image/ab67616d0000b2730b3d5cd203ac639605b45232","1","1","189302","https://p.scdn.co/mp3-preview/597683aea1b21e61caa06fb6cb62621647ef9091?cid=9950ac751e34487dbbe027c4fd7f8e99","false","44","GX4R52263494","spotify:user:toshmurph","2022-05-12T14:26:02Z"
"spotify:track:6oTFNoTcKDJLf1nW81hkhw","Fin","spotify:artist:5Ik4h4Ndqp2zUu84QTNmqZ","Boccaccio Capello","spotify:album:6SUmnUMQGY2JtM1USwF5B6","Fin","spotify:artist:5Ik4h4Ndqp2zUu84QTNmqZ","Boccaccio Capello","2022-04-23","https://i.scdn.co/image/ab67616d0000b2736c071f6dd9589c2629a6611e","1","1","161049","https://p.scdn.co/mp3-preview/df883784ad664c38ececa749462d691e60fd3e5c?cid=9950ac751e34487dbbe027c4fd7f8e99","false","44","GX4R52263303","spotify:user:toshmurph","2022-05-12T14:26:02Z"
"spotify:track:2CAGuBeuLWcs2H1eXnkCyu","Danse","spotify:artist:5Ik4h4Ndqp2zUu84QTNmqZ","Boccaccio Capello","spotify:album:0B51NR7jRbPFFboXofM4UB","Danse","spotify:artist:5Ik4h4Ndqp2zUu84QTNmqZ","Boccaccio Capello","2022-04-23","https://i.scdn.co/image/ab67616d0000b273179fd91372df4076a46eb228","1","1","145361","https://p.scdn.co/mp3-preview/fb05a9be5a416953c9d009a956e4dc2a3933739b?cid=9950ac751e34487dbbe027c4fd7f8e99","false","44","GX4R52263287","spotify:user:toshmurph","2022-05-12T14:26:02Z"
"spotify:track:2lA28JCS73TWBfLbXeaWyi","Dream of Flying","spotify:artist:4MpvpwCqwgWkDNt49TeGcu","Allan Everett","spotify:album:5LO4DEF6ZUSb59A28nQh5J","Dream of Flying","spotify:artist:4MpvpwCqwgWkDNt49TeGcu","Allan Everett","2022-04-23","https://i.scdn.co/image/ab67616d0000b2730962c5e3c500464c801e6b56","1","1","367820","https://p.scdn.co/mp3-preview/fe2bfb88a7396939fbe1dbb05f02fe1fa5cbc184?cid=9950ac751e34487dbbe027c4fd7f8e99","false","46","GX4R52263496","spotify:user:toshmurph","2022-05-12T14:26:02Z"
"spotify:track:3NnxE7YROv1bJtjy6DpfYF","Chasing Stars","spotify:artist:1fNxx6X8Ae361qBTlCKTtT","Oscar Lynn","spotify:album:2ceBNWAz6iCJQF66RHWhUb","Chasing Stars","spotify:artist:1fNxx6X8Ae361qBTlCKTtT","Oscar Lynn","2022-04-23","https://i.scdn.co/image/ab67616d0000b2738cabcb95ce1e01cc9635c1f6","1","1","144149","https://p.scdn.co/mp3-preview/7351a808559a3fb45177e4992ec48e41029c86be?cid=9950ac751e34487dbbe027c4fd7f8e99","false","44","GX4R52263120","spotify:user:toshmurph","2022-05-12T14:26:02Z"
"spotify:track:33VMQ5tXJjjuDmOBklNWbd","The Approaching Night","spotify:artist:14MDig5DwBw9wrIhce4lPs","Elias Freedom","spotify:album:1gbnePFcPjBks5fUIAkbjc","The Approaching Night","spotify:artist:14MDig5DwBw9wrIhce4lPs","Elias Freedom","2022-04-23","https://i.scdn.co/image/ab67616d0000b273556d86e667616fa5578fedf4","1","1","159579","https://p.scdn.co/mp3-preview/bc156e257637b91758e4698f53ed48af2f6516f5?cid=9950ac751e34487dbbe027c4fd7f8e99","false","45","GX4R52263343","spotify:user:toshmurph","2022-05-12T14:26:02Z"
"spotify:track:0biMTOvQRbbq1WJ8brpsFU","A Time of Wonder","spotify:artist:1fNxx6X8Ae361qBTlCKTtT","Oscar Lynn","spotify:album:2HDAPlMI4JootHc1rUgJz5","A Time of Wonder","spotify:artist:1fNxx6X8Ae361qBTlCKTtT","Oscar Lynn","2022-04-23","https://i.scdn.co/image/ab67616d0000b273f53a9bb158796ddce4d0cd74","1","1","130981","https://p.scdn.co/mp3-preview/2cfd0559497fcf4f7070c09653b81f1a09cd9821?cid=9950ac751e34487dbbe027c4fd7f8e99","false","47","GX4R52263116","spotify:user:toshmurph","2022-05-12T14:26:02Z"
"spotify:track:08WuaYHmElvxdQySPlzyhT","Week No. 10","spotify:artist:4MpvpwCqwgWkDNt49TeGcu","Allan Everett","spotify:album:7vzWs8biLn3NlZW0oTDZf8","Week No. 10","spotify:artist:4MpvpwCqwgWkDNt49TeGcu","Allan Everett","2022-04-23","https://i.scdn.co/image/ab67616d0000b2735d6f1aefb945c06c456d1d72","1","1","153370","https://p.scdn.co/mp3-preview/e9f345d8dbe1f3c67de0800645a34a84143b6b67?cid=9950ac751e34487dbbe027c4fd7f8e99","false","41","GX4R52263502","spotify:user:toshmurph","2022-05-12T14:26:02Z"
"spotify:track:5N7aWoOsIjFnnSLV7mCnzX","Time Marches On","spotify:artist:2pkE2M613Yxvm2t7Iq3xxp","Jacob Terris","spotify:album:5naaSOjS31AVaEkKqRFFi1","Time Marches On","spotify:artist:2pkE2M613Yxvm2t7Iq3xxp","Jacob Terris","2022-04-23","https://i.scdn.co/image/ab67616d0000b2735f538b35f63bc3d4939307c0","1","1","162388","https://p.scdn.co/mp3-preview/7aecb67b3601eb2c10e90727b3a652cbf51f8975?cid=9950ac751e34487dbbe027c4fd7f8e99","false","42","GX4R52263063","spotify:user:toshmurph","2022-05-12T14:26:02Z"
"spotify:track:68Zp3CTv82r02P86mIicZO","Reminiscence","spotify:artist:4hhHwAo0o3i5ARDu9DjbBU","Castello de Rossi","spotify:album:1IZvqcM8dyhkbi01MKyElE","Reminiscence","spotify:artist:4hhHwAo0o3i5ARDu9DjbBU","Castello de Rossi","2022-04-18","https://i.scdn.co/image/ab67616d0000b273e0d0225a4e7118c370c09769","1","1","265898","https://p.scdn.co/mp3-preview/0700e4729b19afa73ca3d303aee8d7f8435df739?cid=9950ac751e34487dbbe027c4fd7f8e99","false","43","GX4R52251721","spotify:user:toshmurph","2022-05-12T14:26:02Z"
"spotify:track:4sa1lISvx2JGpaBAKFRk6o","Soffia la Notte","spotify:artist:4hhHwAo0o3i5ARDu9DjbBU","Castello de Rossi","spotify:album:2Qs8H2OrECLDKaDTqDMo8D","Soffia la Notte","spotify:artist:4hhHwAo0o3i5ARDu9DjbBU","Castello de Rossi","2022-04-18","https://i.scdn.co/image/ab67616d0000b273032a898f8d36f14662d85ca2","1","1","158778","https://p.scdn.co/mp3-preview/794edb9d7ad9d0e365bf0460c40e91b5d794e001?cid=9950ac751e34487dbbe027c4fd7f8e99","false","48","GX4R52251784","spotify:user:toshmurph","2022-05-12T14:26:02Z"
"spotify:track:3F4cXSqwjYv4bBKiCG6Lny","Primi Passi","spotify:artist:4hhHwAo0o3i5ARDu9DjbBU","Castello de Rossi","spotify:album:5xZnz37pUQjSUBZhPc3E1k","Primi Passi","spotify:artist:4hhHwAo0o3i5ARDu9DjbBU","Castello de Rossi","2022-04-18","https://i.scdn.co/image/ab67616d0000b273949e2a631d7afc1014137dd1","1","1","272226","https://p.scdn.co/mp3-preview/a82a4bf15a5aaa1cc7fbfe13a205c6db6dfdf4bb?cid=9950ac751e34487dbbe027c4fd7f8e99","false","46","GX4R52251712","spotify:user:toshmurph","2022-05-12T14:26:02Z"
"spotify:track:25fClcLmuWSe9ebSYv3nn1","Radio Ballet","spotify:artist:0H6d1hFVG6PEsCHwNF0MgY","Jack Worth","spotify:album:1N4cLXRW9F6ly3KSumJtb5","Radio Ballet","spotify:artist:0H6d1hFVG6PEsCHwNF0MgY","Jack Worth","2022-04-23","https://i.scdn.co/image/ab67616d0000b273329cb4170f064df85a9384e1","1","1","167710","https://p.scdn.co/mp3-preview/dce481cbae84c2ed9af87b1bd83a45211b37df34?cid=9950ac751e34487dbbe027c4fd7f8e99","false","43","GX4R52263329","spotify:user:toshmurph","2022-05-12T14:26:02Z"
"spotify:track:3PwSGW6ln6BVcYz7zHKuql","All My Joy, All My Pain","spotify:artist:1fNxx6X8Ae361qBTlCKTtT","Oscar Lynn","spotify:album:4aZfAbzaXyoMrRtkagnXpF","All My Joy, All My Pain","spotify:artist:1fNxx6X8Ae361qBTlCKTtT","Oscar Lynn","2022-04-23","https://i.scdn.co/image/ab67616d0000b273d23268d2b542934dfff3bbd3","1","1","180461","https://p.scdn.co/mp3-preview/1cf5b7c4495639d4c86525e9ef460cea7b59b8f3?cid=9950ac751e34487dbbe027c4fd7f8e99","false","44","GX4R52263117","spotify:user:toshmurph","2022-05-12T14:26:02Z"
"spotify:track:35lKEMgiNJBJa3XD9K10ev","Waterfalls","spotify:artist:14MDig5DwBw9wrIhce4lPs","Elias Freedom","spotify:album:4OnsaybyvDnQno19lD0WMa","Waterfalls","spotify:artist:14MDig5DwBw9wrIhce4lPs","Elias Freedom","2022-04-23","https://i.scdn.co/image/ab67616d0000b2735c65ef01b07d9a7448814d97","1","1","117269","https://p.scdn.co/mp3-preview/247a48009718640b17b1865c82b533b323ea8e71?cid=9950ac751e34487dbbe027c4fd7f8e99","false","44","GX4R52263403","spotify:user:toshmurph","2022-05-12T14:26:02Z"
"spotify:track:2evacM6w4p7Nhu839ZtBDS","Written on the Sky","spotify:artist:14MDig5DwBw9wrIhce4lPs","Elias Freedom","spotify:album:1o11u74D0UjlmRxfho1qW3","Written on the Sky","spotify:artist:14MDig5DwBw9wrIhce4lPs","Elias Freedom","2022-04-23","https://i.scdn.co/image/ab67616d0000b273c4f9e4c2c59019b5172d7be7","1","1","118488","https://p.scdn.co/mp3-preview/6184120f235c39246ae3766983e7cdd1cffc0254?cid=9950ac751e34487dbbe027c4fd7f8e99","false","45","GX4R52263389","spotify:user:toshmurph","2022-05-12T14:26:02Z"
"spotify:track:69dbvVWuTR4qDMtjiSJ52M","Together We Will Live Forever","spotify:artist:4MpvpwCqwgWkDNt49TeGcu","Allan Everett","spotify:album:2KQzfGKQp01JXkiJ47lHpA","Together We Will Live Forever","spotify:artist:4MpvpwCqwgWkDNt49TeGcu","Allan Everett","2022-04-23","https://i.scdn.co/image/ab67616d0000b273637a800796ae1b7b7c3f23bc","1","1","253254","https://p.scdn.co/mp3-preview/4de76eb94ff1e599a4ac5b33768793a2c9328cc6?cid=9950ac751e34487dbbe027c4fd7f8e99","false","45","GX4R52263516","spotify:user:toshmurph","2022-05-12T14:26:02Z"
"spotify:track:4DZqHBO72rBdvbLo9dpExM","Oceano","spotify:artist:4hhHwAo0o3i5ARDu9DjbBU","Castello de Rossi","spotify:album:7Aozpe8NaI5iCQO6GBrUn1","Oceano","spotify:artist:4hhHwAo0o3i5ARDu9DjbBU","Castello de Rossi","2022-04-18","https://i.scdn.co/image/ab67616d0000b2737dbd440ef64deba5a09b6d9c","1","1","141316","https://p.scdn.co/mp3-preview/346bec5599732ca2a347efc85ffcfe3ce3cea11e?cid=9950ac751e34487dbbe027c4fd7f8e99","false","43","GX4R52251679","spotify:user:toshmurph","2022-05-12T14:26:02Z"
"spotify:track:0T9RortB0TcBVLEGbvbw43","Debut","spotify:artist:5Ik4h4Ndqp2zUu84QTNmqZ","Boccaccio Capello","spotify:album:2T7wFuGbvN1TBf10kGYoeN","Debut","spotify:artist:5Ik4h4Ndqp2zUu84QTNmqZ","Boccaccio Capello","2022-04-23","https://i.scdn.co/image/ab67616d0000b2734303ab186cf0cc998f641626","1","1","158511","https://p.scdn.co/mp3-preview/0a8f32b7b42290435402b30571a171a0dcb84229?cid=9950ac751e34487dbbe027c4fd7f8e99","false","44","GX4R52263298","spotify:user:toshmurph","2022-05-12T14:26:02Z"
"spotify:track:1qPjR9QOif2p0Xr7XIeZQv","Bluebird","spotify:artist:1fNxx6X8Ae361qBTlCKTtT","Oscar Lynn","spotify:album:4WclUiBu5Ff59eqADXgFMJ","Bluebird","spotify:artist:1fNxx6X8Ae361qBTlCKTtT","Oscar Lynn","2022-04-23","https://i.scdn.co/image/ab67616d0000b27344d0b13254bcb08fe9a98030","1","1","206217","https://p.scdn.co/mp3-preview/888c5b7e6815de5597d90f1cefb9aa91535cc329?cid=9950ac751e34487dbbe027c4fd7f8e99","false","45","GX4R52263138","spotify:user:toshmurph","2022-05-12T14:26:02Z"
"spotify:track:4oSwaIXPLMe7wD21Fd9nlQ","Somehow Familiar","spotify:artist:0WFqJFVRcVVS07K1GrzXHK","Fenton Sykes","spotify:album:75YdI3mvfiH6IT7dBLBIwj","Somehow Familiar","spotify:artist:0WFqJFVRcVVS07K1GrzXHK","Fenton Sykes","2022-04-18","https://i.scdn.co/image/ab67616d0000b2734c1e8fbdc50580f711e23e79","1","1","219288","https://p.scdn.co/mp3-preview/0895881cc6b8bfec84f85f3dff4e6d4f3b2a04fd?cid=9950ac751e34487dbbe027c4fd7f8e99","false","47","GX4R52251992","spotify:user:toshmurph","2022-05-12T14:26:02Z"
"spotify:track:15PLgDPlvbouRLZXUjjvNS","My Piano, the Clouds","spotify:artist:4wNIS8mox4QB0U8QMrJeP8","Daku Wan","spotify:album:095rnDJwGTjqqORULc6u3i","My Piano, the Clouds","spotify:artist:4wNIS8mox4QB0U8QMrJeP8","Daku Wan","2022-04-13","https://i.scdn.co/image/ab67616d0000b273fa3eddf80339c389416f1445","1","1","165493","https://p.scdn.co/mp3-preview/166e694cba6cc2e58a2b94b44cc822f176a6cd95?cid=9950ac751e34487dbbe027c4fd7f8e99","false","49","TCAGD2292106","spotify:user:toshmurph","2022-05-12T14:26:02Z"
"spotify:track:7GhvAFbi2TLLmfTLHPEK0f","La Valse d'Amélie","spotify:artist:4wNIS8mox4QB0U8QMrJeP8","Daku Wan","spotify:album:7u8FtabGfNYCXfLHNhQUiQ","La Valse d'Amélie","spotify:artist:4wNIS8mox4QB0U8QMrJeP8","Daku Wan","2022-04-09","https://i.scdn.co/image/ab67616d0000b2731270c3cff80db8f69b85c6ab","1","1","157323","https://p.scdn.co/mp3-preview/f64cf264078b5568263be7c24dd4936a33fadcb3?cid=9950ac751e34487dbbe027c4fd7f8e99","false","51","GX4R52229634","spotify:user:toshmurph","2022-05-12T14:26:02Z"
"spotify:track:6OjNv9YSm0oyEI8GRzYgHe","La Polvere E L'incanto","spotify:artist:6F3DHWwL3PhI9JiCHtiAh2","Aashi","spotify:album:2gP3thvzLsyA6uNdF19DC1","La Polvere E L'incanto","spotify:artist:6F3DHWwL3PhI9JiCHtiAh2","Aashi","2022-04-08","https://i.scdn.co/image/ab67616d0000b273ec717dbd7fd361c3732e09d9","1","1","234412","https://p.scdn.co/mp3-preview/7455c3714ead1213b891d3bd5275bf10b807db36?cid=9950ac751e34487dbbe027c4fd7f8e99","false","46","TCAGD2274059","spotify:user:toshmurph","2022-05-12T14:26:02Z"
"spotify:track:1tctwawpIe39r127vXVdfA","Saman","spotify:artist:5ttLldOnBFWUNK0KqIe9K0","Olin Wils","spotify:album:3BMC3hXRRqzADMr5LnURdl","Saman","spotify:artist:5ttLldOnBFWUNK0KqIe9K0","Olin Wils","2022-04-09","https://i.scdn.co/image/ab67616d0000b273f9e218745298e9a0c7c80c49","1","1","150860","https://p.scdn.co/mp3-preview/5e7e8c046c86bf56169f5028ce32eadd2c2ef986?cid=9950ac751e34487dbbe027c4fd7f8e99","false","52","TCAGD2277122","spotify:user:toshmurph","2022-05-12T14:26:02Z"
"spotify:track:2bLvu5NsQ3aa50XsBsGTnl","Wind","spotify:artist:5oaPPNGksJXRCmQBTT6LFf","Mack Winter","spotify:album:6S2CoYEfNGebu5VZeyuElY","Wind","spotify:artist:5oaPPNGksJXRCmQBTT6LFf","Mack Winter","2022-04-29","https://i.scdn.co/image/ab67616d0000b27334cb54197f05052fb4db39f1","1","1","297687","https://p.scdn.co/mp3-preview/23857937f9c76b791c676e02d3d41e37077b4d52?cid=9950ac751e34487dbbe027c4fd7f8e99","false","43","GX4R52277797","spotify:user:toshmurph","2022-05-12T14:26:02Z"
"spotify:track:2T2E1aYw6av382neumOkZl","Swamp","spotify:artist:3XqSKJYdpxV7owFt6XbsZ7","Corso Fiocarda","spotify:album:2rKbOIGINv5IfEWRtxaDGf","Swamp","spotify:artist:3XqSKJYdpxV7owFt6XbsZ7","Corso Fiocarda","2022-05-05","https://i.scdn.co/image/ab67616d0000b273450615d69156e787cbf7b615","1","1","124338","https://p.scdn.co/mp3-preview/c77c039d96bf2c70160832aa4c897e818bfda3a9?cid=9950ac751e34487dbbe027c4fd7f8e99","false","43","GX4R52290955","spotify:user:toshmurph","2022-05-12T14:26:02Z"
"spotify:track:2aaKbgjz3PEngndPRrHFvx","Raindrops","spotify:artist:3XqSKJYdpxV7owFt6XbsZ7","Corso Fiocarda","spotify:album:3wx58bpunD9QFsK6otKHWR","Raindrops","spotify:artist:3XqSKJYdpxV7owFt6XbsZ7","Corso Fiocarda","2022-05-05","https://i.scdn.co/image/ab67616d0000b273771f70883e2051b8a05e82c9","1","1","142883","https://p.scdn.co/mp3-preview/8216ef348c7af1b640bd034fbf9e8c620cc098f9?cid=9950ac751e34487dbbe027c4fd7f8e99","false","44","GX4R52290954","spotify:user:toshmurph","2022-05-12T14:26:02Z"
"spotify:track:0NQclawUtMr1iEO5HfaI5C","O Soave Fanciulla","spotify:artist:3XqSKJYdpxV7owFt6XbsZ7","Corso Fiocarda","spotify:album:6k0b1nXJZLHef2GuA84UMP","O Soave Fanciulla","spotify:artist:3XqSKJYdpxV7owFt6XbsZ7","Corso Fiocarda","2022-05-05","https://i.scdn.co/image/ab67616d0000b273ea8d25b248378d8a4410fae2","1","1","177670","https://p.scdn.co/mp3-preview/7585fb18a6b38786cd84a762137bcc162a326c3a?cid=9950ac751e34487dbbe027c4fd7f8e99","false","43","GX4R52290916","spotify:user:toshmurph","2022-05-12T14:26:02Z"
"spotify:track:4U2At2TloSr7XrpKTXrGYf","Lambay","spotify:artist:3XqSKJYdpxV7owFt6XbsZ7","Corso Fiocarda","spotify:album:4wPzaoWKHQEsNPGWylT6qH","Lambay","spotify:artist:3XqSKJYdpxV7owFt6XbsZ7","Corso Fiocarda","2022-05-05","https://i.scdn.co/image/ab67616d0000b2732783da238a31d730e02da019","1","1","144354","https://p.scdn.co/mp3-preview/77d8e45a0e2c4ae5e84e9453379e9c186504f58c?cid=9950ac751e34487dbbe027c4fd7f8e99","false","43","GX4R52290943","spotify:user:toshmurph","2022-05-12T14:26:02Z"
"spotify:track:4Ki4BOA93li4d4XgpzkNHe","Gouttes De Pluie","spotify:artist:3XqSKJYdpxV7owFt6XbsZ7","Corso Fiocarda","spotify:album:7x5mXJlPjh9CgflxWPaETt","Gouttes De Pluie","spotify:artist:3XqSKJYdpxV7owFt6XbsZ7","Corso Fiocarda","2022-05-05","https://i.scdn.co/image/ab67616d0000b27344c9fc5cf58e945b6e982ffb","1","1","120938","https://p.scdn.co/mp3-preview/429fbffa7de1e873eec34b1b1850bbcecdaf53ea?cid=9950ac751e34487dbbe027c4fd7f8e99","false","43","GX4R52290932","spotify:user:toshmurph","2022-05-12T14:26:02Z"
"spotify:track:0a8gx4c3NB6UOZ1GiT0Xwn","Unhinged","spotify:artist:7lKlIgUc3WpzB5UzC6QzAz","Fred Ivory","spotify:album:6eivZLMzFeVIiY07E5yZnd","Unhinged","spotify:artist:7lKlIgUc3WpzB5UzC6QzAz","Fred Ivory","2022-04-30","https://i.scdn.co/image/ab67616d0000b273efc2ae472c9b3aff9c4db299","1","1","123385","https://p.scdn.co/mp3-preview/12b0e977692c3f68b573b21c09bc2016387039b4?cid=9950ac751e34487dbbe027c4fd7f8e99","false","43","GX4R52280120","spotify:user:toshmurph","2022-05-12T14:26:02Z"
"spotify:track:7HXMfzJnydFNV2w2igJjJn","Roots","spotify:artist:7lKlIgUc3WpzB5UzC6QzAz","Fred Ivory","spotify:album:2yee7ALWKQ7R4DlHTQ4agB","Roots","spotify:artist:7lKlIgUc3WpzB5UzC6QzAz","Fred Ivory","2022-04-30","https://i.scdn.co/image/ab67616d0000b273e487bac3bc1f32ae0e6aa54d","1","1","156795","https://p.scdn.co/mp3-preview/d238d05288daa3e9d90e860aa250bab472ca9092?cid=9950ac751e34487dbbe027c4fd7f8e99","false","43","GX4R52280138","spotify:user:toshmurph","2022-05-12T14:26:02Z"
"spotify:track:0smei17v4021sB6qnO0ZFn","In Reform","spotify:artist:7lKlIgUc3WpzB5UzC6QzAz","Fred Ivory","spotify:album:5ZhrsugY2sByRciEsEZX7L","In Reform","spotify:artist:7lKlIgUc3WpzB5UzC6QzAz","Fred Ivory","2022-04-30","https://i.scdn.co/image/ab67616d0000b273af3a603672b46f12a4b54e0e","1","1","156064","https://p.scdn.co/mp3-preview/1e722759344430aef0538a8f77c16d0b726c0822?cid=9950ac751e34487dbbe027c4fd7f8e99","false","43","GX4R52280162","spotify:user:toshmurph","2022-05-12T14:26:02Z"
"spotify:track:6H3SpsuoDamiAYDP1LmyMa","Autumn Leaf","spotify:artist:7lKlIgUc3WpzB5UzC6QzAz","Fred Ivory","spotify:album:0nY2PyWidkCk5Yn47c4KKs","Autumn Leaf","spotify:artist:7lKlIgUc3WpzB5UzC6QzAz","Fred Ivory","2022-04-30","https://i.scdn.co/image/ab67616d0000b273e65b67df3f0db1ef3656d120","1","1","147964","https://p.scdn.co/mp3-preview/3f48167ae0661bea9efb10df55d7170fe3f842de?cid=9950ac751e34487dbbe027c4fd7f8e99","false","44","GX4R52280149","spotify:user:toshmurph","2022-05-12T14:26:02Z"
"spotify:track:1rcYnDS9am0PNm2vJvp5U3","A Gentle Sunlight","spotify:artist:7lKlIgUc3WpzB5UzC6QzAz","Fred Ivory","spotify:album:2U4xIiqbrAEupcvTAKq8Xa","A Gentle Sunlight","spotify:artist:7lKlIgUc3WpzB5UzC6QzAz","Fred Ivory","2022-04-30","https://i.scdn.co/image/ab67616d0000b2730b473cb51f0fe9e1fcbd6037","1","1","130371","","false","0","GX4R52280177","spotify:user:toshmurph","2022-05-12T14:26:02Z"
"spotify:track:6z7y9fC0aqcl9dCa7z0S5W","Reflections","spotify:artist:0BtqSinC9d03y6Qqsg0MZR","Trevor Stanley","spotify:album:08F08EKQDT9iPDv66dhA3y","Reflections","spotify:artist:0BtqSinC9d03y6Qqsg0MZR","Trevor Stanley","2022-05-08","https://i.scdn.co/image/ab67616d0000b2731b0c1776172f2bde5cc2cd78","1","1","204143","https://p.scdn.co/mp3-preview/662679b26b27623f7ac5de2785ac20fbd11f6f45?cid=9950ac751e34487dbbe027c4fd7f8e99","false","42","GX4R52297133","spotify:user:toshmurph","2022-05-12T14:26:02Z"
"spotify:track:07tr9sMoj29B8NgQg81y6n","Iris","spotify:artist:0BtqSinC9d03y6Qqsg0MZR","Trevor Stanley","spotify:album:1K3jeL5uTxvM4DbJhawpwP","Iris","spotify:artist:0BtqSinC9d03y6Qqsg0MZR","Trevor Stanley","2022-05-08","https://i.scdn.co/image/ab67616d0000b273d69963fa392efe7835709e1c","1","1","148131","https://p.scdn.co/mp3-preview/b86901fe63f0265ec49fde369e4bb933310f5812?cid=9950ac751e34487dbbe027c4fd7f8e99","false","43","GX4R52297144","spotify:user:toshmurph","2022-05-12T14:26:02Z"
"spotify:track:5u6NUxGJhcax9KAICKpuoC","Hopes","spotify:artist:0BtqSinC9d03y6Qqsg0MZR","Trevor Stanley","spotify:album:2BkPtIMqbXKWfQWSMbXT7e","Hopes","spotify:artist:0BtqSinC9d03y6Qqsg0MZR","Trevor Stanley","2022-05-08","https://i.scdn.co/image/ab67616d0000b273976d5cde3f398ecce9da6325","1","1","179856","https://p.scdn.co/mp3-preview/6cf7b894181d25837fe7f165050ed4c730b303aa?cid=9950ac751e34487dbbe027c4fd7f8e99","false","43","GX4R52297137","spotify:user:toshmurph","2022-05-12T14:26:02Z"
"spotify:track:1rgBKqX1yXF2uypE9uZuKm","Dried Out","spotify:artist:0BtqSinC9d03y6Qqsg0MZR","Trevor Stanley","spotify:album:4n98P6FDyCcJSNp7PlJMPb","Dried Out","spotify:artist:0BtqSinC9d03y6Qqsg0MZR","Trevor Stanley","2022-05-08","https://i.scdn.co/image/ab67616d0000b2736d9af4cff12df03ccf294959","1","1","183662","https://p.scdn.co/mp3-preview/21f9be469e8371419796cc82d16f2073e2d1c7ed?cid=9950ac751e34487dbbe027c4fd7f8e99","false","43","GX4R52297126","spotify:user:toshmurph","2022-05-12T14:26:02Z"
"spotify:track:3s8ZVKBpo63ZwZDXIqfzrk","Aion","spotify:artist:0BtqSinC9d03y6Qqsg0MZR","Trevor Stanley","spotify:album:2ZQyEnAITvLnKDYAUFrH8d","Aion","spotify:artist:0BtqSinC9d03y6Qqsg0MZR","Trevor Stanley","2022-05-08","https://i.scdn.co/image/ab67616d0000b27330e07d92285de0629d324a5b","1","1","128433","https://p.scdn.co/mp3-preview/82c36f7fda96dd72e4842d4070b97946e4501dc8?cid=9950ac751e34487dbbe027c4fd7f8e99","false","43","GX4R52297142","spotify:user:toshmurph","2022-05-12T14:26:02Z"
"spotify:track:0DpLCdvPk2sUcUuUfMtV4n","Yearing","spotify:artist:5VzAwR1XTzcT0Fgnf4RgGX","Leonard Gibson","spotify:album:7f4ApBHep1GXLNTZ0EtdpD","Yearing","spotify:artist:5VzAwR1XTzcT0Fgnf4RgGX","Leonard Gibson","2022-05-08","https://i.scdn.co/image/ab67616d0000b2737227a9ec95886398aab85c3c","1","1","133613","https://p.scdn.co/mp3-preview/f147e6c884cf222541319c933879a0c66b71b7ac?cid=9950ac751e34487dbbe027c4fd7f8e99","false","42","GX4R52297169","spotify:user:toshmurph","2022-05-12T14:26:02Z"
"spotify:track:0rgokVc9gzitIOKO1oNA6A","The Farewell","spotify:artist:5VzAwR1XTzcT0Fgnf4RgGX","Leonard Gibson","spotify:album:6bnB525M3aHntiylT4tIB0","The Farewell","spotify:artist:5VzAwR1XTzcT0Fgnf4RgGX","Leonard Gibson","2022-05-08","https://i.scdn.co/image/ab67616d0000b273485cd7cc376508af34f59011","1","1","147508","https://p.scdn.co/mp3-preview/a08ca7086c9f2f8e69bf48a091b3a966ddafff22?cid=9950ac751e34487dbbe027c4fd7f8e99","false","43","GX4R52297155","spotify:user:toshmurph","2022-05-12T14:26:02Z"
"spotify:track:1SWYroUZqeoZaOk6NoZCvU","Plummet","spotify:artist:5VzAwR1XTzcT0Fgnf4RgGX","Leonard Gibson","spotify:album:53N0SB7KtLdkvHg9qfTVxi","Plummet","spotify:artist:5VzAwR1XTzcT0Fgnf4RgGX","Leonard Gibson","2022-05-08","https://i.scdn.co/image/ab67616d0000b27334fbfc12791cd918e92c448f","1","1","171900","https://p.scdn.co/mp3-preview/549d744978c0d9e7a117a6329423b394242a50d2?cid=9950ac751e34487dbbe027c4fd7f8e99","false","43","GX4R52297150","spotify:user:toshmurph","2022-05-12T14:26:02Z"
"spotify:track:4EcfLTsdCLKFGfzHvHIk39","Lijepo","spotify:artist:5VzAwR1XTzcT0Fgnf4RgGX","Leonard Gibson","spotify:album:0oDZLnFOq9ZDLBoOLZGkIK","Lijepo","spotify:artist:5VzAwR1XTzcT0Fgnf4RgGX","Leonard Gibson","2022-05-08","https://i.scdn.co/image/ab67616d0000b2739380d04208bd747d71fda27f","1","1","129705","https://p.scdn.co/mp3-preview/8c62697f0ef3978167b01792d8798b1ff89ebd7e?cid=9950ac751e34487dbbe027c4fd7f8e99","false","46","GX4R52297146","spotify:user:toshmurph","2022-05-12T14:26:02Z"
"spotify:track:7wCu4YgAbVJXL4X29GeOPL","Tu m'appartiens","spotify:artist:3nonX2uO5auSVHYIhUznYe","Leonard Hawk","spotify:album:53ex6bJKhoPEqadzEu9Qa0","Tu m'appartiens","spotify:artist:3nonX2uO5auSVHYIhUznYe","Leonard Hawk","2022-05-02","https://i.scdn.co/image/ab67616d0000b273e9faddcf5168db5db7222de4","1","1","112539","https://p.scdn.co/mp3-preview/4ccbbf5209b4776e7d8dae7c9a0219869458197b?cid=9950ac751e34487dbbe027c4fd7f8e99","false","44","GX4R52284948","spotify:user:toshmurph","2022-05-12T14:26:02Z"
"spotify:track:5cngrSHUEUFq3RfbrBoVCn","Glänta","spotify:artist:3nonX2uO5auSVHYIhUznYe","Leonard Hawk","spotify:album:2v8toWFm3yRUtDanZsrAUF","Glänta","spotify:artist:3nonX2uO5auSVHYIhUznYe","Leonard Hawk","2022-05-02","https://i.scdn.co/image/ab67616d0000b2736009ea9180fba9f3bff6a497","1","1","174271","https://p.scdn.co/mp3-preview/eba679cdaa1cd22f8c17a6bec27aa6386accc61f?cid=9950ac751e34487dbbe027c4fd7f8e99","false","43","GX4R52284967","spotify:user:toshmurph","2022-05-12T14:26:02Z"
"spotify:track:112msrPs9Aw1pLzXMo08aZ","Gaillardia","spotify:artist:3nonX2uO5auSVHYIhUznYe","Leonard Hawk","spotify:album:7GF3fJfzXwSAP5OPl9JGok","Gaillardia","spotify:artist:3nonX2uO5auSVHYIhUznYe","Leonard Hawk","2022-05-02","https://i.scdn.co/image/ab67616d0000b2739c3bb2922f15295478cfdfbb","1","1","137638","https://p.scdn.co/mp3-preview/e840d3214b01017d2adbd05e22e239357e927f4a?cid=9950ac751e34487dbbe027c4fd7f8e99","false","43","GX4R52284953","spotify:user:toshmurph","2022-05-12T14:26:02Z"
"spotify:track:1PiyqAhu2dWBQJXH8wf7BG","A bed of tulips","spotify:artist:3nonX2uO5auSVHYIhUznYe","Leonard Hawk","spotify:album:7hyGOidlJZQN63XzrhrbtN","A bed of tulips","spotify:artist:3nonX2uO5auSVHYIhUznYe","Leonard Hawk","2022-05-02","https://i.scdn.co/image/ab67616d0000b27346bb3ac1fc5a25bd8e65d8cc","1","1","161916","https://p.scdn.co/mp3-preview/7e7aec73224ef75b8f80f7fba4a7c593077cbe3c?cid=9950ac751e34487dbbe027c4fd7f8e99","false","43","GX4R52284974","spotify:user:toshmurph","2022-05-12T14:26:02Z"
"spotify:track:7pItXgXvx2GvuiyJziZz3S","Quiet Resource","spotify:artist:0pBcZYhTeWoqO6KWJC9uMR","Pagolo Firavanti","spotify:album:3fFwnZHn77b4ypY8L9hcmo","Quiet Resource","spotify:artist:0pBcZYhTeWoqO6KWJC9uMR","Pagolo Firavanti","2022-05-05","https://i.scdn.co/image/ab67616d0000b273fc67a7d7b3e6e7d8964d0a4c","1","1","209881","https://p.scdn.co/mp3-preview/0c0421bded024373458d9d032a0b4b5e1301c764?cid=9950ac751e34487dbbe027c4fd7f8e99","false","43","GX4R52290635","spotify:user:toshmurph","2022-05-12T14:26:02Z"
"spotify:track:5rJyY7mxCo7oJ9D76TFuCl","Kaleidoscopes","spotify:artist:0pBcZYhTeWoqO6KWJC9uMR","Pagolo Firavanti","spotify:album:53Pl6FvyIB6NqtI730hap5","Kaleidoscopes","spotify:artist:0pBcZYhTeWoqO6KWJC9uMR","Pagolo Firavanti","2022-05-05","https://i.scdn.co/image/ab67616d0000b2734855ab5512007aefc7e93693","1","1","195006","https://p.scdn.co/mp3-preview/1824ce5b18016a761f7e6561bada29f23a71a218?cid=9950ac751e34487dbbe027c4fd7f8e99","false","43","GX4R52290575","spotify:user:toshmurph","2022-05-12T14:26:02Z"
"spotify:track:6GufogokbUs5f22d0qoVMz","Inconclusive Results","spotify:artist:0pBcZYhTeWoqO6KWJC9uMR","Pagolo Firavanti","spotify:album:2OpGZ5UKtqmRhlbNzp4RyL","Inconclusive Results","spotify:artist:0pBcZYhTeWoqO6KWJC9uMR","Pagolo Firavanti","2022-05-05","https://i.scdn.co/image/ab67616d0000b2733d52bc8133223d499cf85c84","1","1","120195","https://p.scdn.co/mp3-preview/62cc7475f8fad20a3d079706760142eff70fefc1?cid=9950ac751e34487dbbe027c4fd7f8e99","false","43","GX4R52290599","spotify:user:toshmurph","2022-05-12T14:26:02Z"
"spotify:track:6RujBUK8y2JOglclbGXMmu","Incandescence","spotify:artist:0pBcZYhTeWoqO6KWJC9uMR","Pagolo Firavanti","spotify:album:3Et7eSeNfRR4DsuftF7Bbc","Incandescence","spotify:artist:0pBcZYhTeWoqO6KWJC9uMR","Pagolo Firavanti","2022-05-05","https://i.scdn.co/image/ab67616d0000b2731289f550aad47dbeffb3a262","1","1","147708","https://p.scdn.co/mp3-preview/429b8a159c9988763cf152d9e6d94afcd542dce6?cid=9950ac751e34487dbbe027c4fd7f8e99","false","43","GX4R52290647","spotify:user:toshmurph","2022-05-12T14:26:02Z"
"spotify:track:6WBQmXDBrSmtTCzFs7guhx","Dear","spotify:artist:0pBcZYhTeWoqO6KWJC9uMR","Pagolo Firavanti","spotify:album:2XwJzvcLmDvHBEQGn9nTKl","Dear","spotify:artist:0pBcZYhTeWoqO6KWJC9uMR","Pagolo Firavanti","2022-05-05","https://i.scdn.co/image/ab67616d0000b27337ffff688c7f83357f5c0c7b","1","1","130218","","false","0","GX4R52290613","spotify:user:toshmurph","2022-05-12T14:26:02Z"
"spotify:track:4W41cO7iksrSuuWEgmikAU","Fire","spotify:artist:4MpvpwCqwgWkDNt49TeGcu","Allan Everett","spotify:album:3NzTtKPYAaM4TfTwl1KbcX","Fire","spotify:artist:4MpvpwCqwgWkDNt49TeGcu","Allan Everett","2019","https://i.scdn.co/image/ab67616d0000b273f0b79e2058733a3947b36aef","1","1","268548","https://p.scdn.co/mp3-preview/a582360519556ee54d0d7be02f916071b5de6434?cid=9950ac751e34487dbbe027c4fd7f8e99","false","44","GX4R52263487","spotify:user:toshmurph","2022-05-12T14:26:02Z"
"spotify:track:3SjHi0Eg7rBi45M7Z5xcr1","Lamentation for a Lost Life","spotify:artist:0H6d1hFVG6PEsCHwNF0MgY","Jack Worth","spotify:album:1dqVTtoBetcf6uUHdcvyDC","Lamentation for a Lost Life","spotify:artist:0H6d1hFVG6PEsCHwNF0MgY","Jack Worth","2022-04-23","https://i.scdn.co/image/ab67616d0000b273a6302a0d76a1b4948ea8ce13","1","1","125589","https://p.scdn.co/mp3-preview/5101ab81501ccc4f146b4a17242d7cad8f880a02?cid=9950ac751e34487dbbe027c4fd7f8e99","false","43","GX4R52263313","spotify:user:toshmurph","2022-05-12T14:26:02Z"
"spotify:track:65YmXHisEoFpxft1Bl40Bg","Nuvole Bianche","spotify:artist:4hhHwAo0o3i5ARDu9DjbBU","Castello de Rossi","spotify:album:3oGLkDZRM46IMBoF4cnb3w","Nuvole Bianche","spotify:artist:4hhHwAo0o3i5ARDu9DjbBU","Castello de Rossi","2022-04-18","https://i.scdn.co/image/ab67616d0000b273780736686d5c0de0825831d3","1","1","356009","https://p.scdn.co/mp3-preview/7530a1341f06cee72bd94e5e2d6139e497268199?cid=9950ac751e34487dbbe027c4fd7f8e99","false","45","GX4R52251663","spotify:user:toshmurph","2022-05-12T14:26:02Z"
"spotify:track:6abPvQYWdVCijF2t5QAsrI","Come Sei Veramente","spotify:artist:5Ik4h4Ndqp2zUu84QTNmqZ","Boccaccio Capello","spotify:album:0Sp8LwjAE9WczGH611uzBn","Come Sei Veramente","spotify:artist:5Ik4h4Ndqp2zUu84QTNmqZ","Boccaccio Capello","2022-04-23","https://i.scdn.co/image/ab67616d0000b273c999c9ef3c7514b05fb5dd3f","1","1","192298","https://p.scdn.co/mp3-preview/b53fc3d7bb564190bce1095c80c72e5dac4be433?cid=9950ac751e34487dbbe027c4fd7f8e99","false","43","GX4R52263103","spotify:user:toshmurph","2022-05-12T14:26:02Z"
"spotify:track:4hJoxczTSugbpHBzt82GMJ","Time","spotify:artist:0WFqJFVRcVVS07K1GrzXHK","Fenton Sykes","spotify:album:0UoqyX3BXPb3mwMEZRtt0u","Time","spotify:artist:0WFqJFVRcVVS07K1GrzXHK","Fenton Sykes","2022-04-18","https://i.scdn.co/image/ab67616d0000b2737af470f47e40292ed24160e5","1","1","149513","https://p.scdn.co/mp3-preview/c5e79f859d1f1cded49e0c843435bc97448f9d3a?cid=9950ac751e34487dbbe027c4fd7f8e99","false","44","GX4R52252061","spotify:user:toshmurph","2022-05-12T14:26:02Z"
"spotify:track:6fsrI0v5fFoKxBwLylvgmp","Breathe","spotify:artist:1fNxx6X8Ae361qBTlCKTtT","Oscar Lynn","spotify:album:7uSruNPuddih2WTTmE8yLJ","Breathe","spotify:artist:1fNxx6X8Ae361qBTlCKTtT","Oscar Lynn","2022-04-23","https://i.scdn.co/image/ab67616d0000b2730f05f261c04478b5a7e73826","1","1","130570","https://p.scdn.co/mp3-preview/37e954b2e9ff8d8afe0f0e754af8e9c77647d72f?cid=9950ac751e34487dbbe027c4fd7f8e99","false","45","GX4R52263152","spotify:user:toshmurph","2022-05-12T14:26:02Z"
"spotify:track:6ndrrjFkoQNQSFmi0ZI6Rf","Veloma","spotify:artist:14MDig5DwBw9wrIhce4lPs","Elias Freedom","spotify:album:4G7oSKdyvSrBhUF9Y9gyir","Veloma","spotify:artist:14MDig5DwBw9wrIhce4lPs","Elias Freedom","2022-04-23","https://i.scdn.co/image/ab67616d0000b2738412b9916d47c0e51e79eeee","1","1","175582","https://p.scdn.co/mp3-preview/1bbda0fb799649a0ef2f5ea6323eb2998deb74f0?cid=9950ac751e34487dbbe027c4fd7f8e99","false","44","GX4R52263387","spotify:user:toshmurph","2022-05-12T14:26:02Z"
"spotify:track:753OEJWP2FBxiC7L1bSGKF","Devotion","spotify:artist:0DQyGaSC9vVf8Mt5eEnacK","Chester Reign","spotify:album:50yS50POkIARVYmck2xaVv","Devotion","spotify:artist:0DQyGaSC9vVf8Mt5eEnacK","Chester Reign","2022-04-29","https://i.scdn.co/image/ab67616d0000b273ed86865ea208f50630f527eb","1","1","237833","https://p.scdn.co/mp3-preview/c34a778524851784f84a4617ff50506ea404eb0a?cid=9950ac751e34487dbbe027c4fd7f8e99","false","42","GX4R52277914","spotify:user:toshmurph","2022-05-12T14:26:02Z"
"spotify:track:0unJ1QbFjRdYj4Z4AZZtNi","Central Jersey","spotify:artist:3mBrMbg5lTkD2qv3Ft5o63","Véyah","spotify:album:2TBLwjpxoz3eq3tv4HI4xm","Central Jersey","spotify:artist:3mBrMbg5lTkD2qv3Ft5o63","Véyah","2022-02-18","https://i.scdn.co/image/ab67616d0000b273f0f3ee1ef8464e695c9a995a","1","1","159939","https://p.scdn.co/mp3-preview/f243c572c37233aeea72c6122b6ebc49b11b60e9?cid=9950ac751e34487dbbe027c4fd7f8e99","true","30","TCAGA2206354","spotify:user:toshmurph","2022-05-12T14:26:02Z"
"spotify:track:0Kc0QMYzSvExydHyyujiXJ","Berceuse","spotify:artist:0DQyGaSC9vVf8Mt5eEnacK","Chester Reign","spotify:album:10cNZZAtCvbHS6R9pc3KKM","Berceuse","spotify:artist:0DQyGaSC9vVf8Mt5eEnacK","Chester Reign","2022-04-29","https://i.scdn.co/image/ab67616d0000b273bb7c133c9247170ab1c9a1be","1","1","178496","https://p.scdn.co/mp3-preview/99d098453917ebc7d3f15e32880e103c79dab370?cid=9950ac751e34487dbbe027c4fd7f8e99","false","41","GX4R52277904","spotify:user:toshmurph","2022-05-12T14:26:02Z"
"spotify:track:5FMcCBGPvas0mWPEaSvsGp","Found Letters","spotify:artist:6F3DHWwL3PhI9JiCHtiAh2","Aashi","spotify:album:03eqbRiRiN8shh6Lfq5QFX","Found Letters","spotify:artist:6F3DHWwL3PhI9JiCHtiAh2","Aashi","2022-04-08","https://i.scdn.co/image/ab67616d0000b273a9a96d2afef9bc809f80305f","1","1","141781","https://p.scdn.co/mp3-preview/3d746f434492dc2db0cf340608d9f864b2346a6d?cid=9950ac751e34487dbbe027c4fd7f8e99","false","46","TCAGD2274019","spotify:user:toshmurph","2022-05-12T14:26:02Z"
"spotify:track:5adbW7QrN3BtHidSsTsJvr","Far and Beyond","spotify:artist:5oaPPNGksJXRCmQBTT6LFf","Mack Winter","spotify:album:7iKhQKpJ9YmaIM6szi5xxY","Far and Beyond","spotify:artist:5oaPPNGksJXRCmQBTT6LFf","Mack Winter","2022-04-29","https://i.scdn.co/image/ab67616d0000b2738bad7de2e63ef0dde4086d19","1","1","188949","https://p.scdn.co/mp3-preview/92005c058fb067d294076481f2eb1713458eb6bf?cid=9950ac751e34487dbbe027c4fd7f8e99","false","44","GX4R52277824","spotify:user:toshmurph","2022-05-12T14:26:02Z"
"spotify:track:5oesdtnfEkDdImVtwngODg","Nothing Left Behind","spotify:artist:5dDQASlR9FyeP4VO0jw35F","Sage","spotify:album:4BhK7NpYuRvOVfbDIxpDZp","Paint Myself","spotify:artist:5dDQASlR9FyeP4VO0jw35F","Sage","2018-06-01","https://i.scdn.co/image/ab67616d0000b273eb05371ae923849aec1a3620","1","4","181146","https://p.scdn.co/mp3-preview/c07910c6ad69d93f70fe084d834859af8888eb9b?cid=9950ac751e34487dbbe027c4fd7f8e99","false","39","FRZ051800249","spotify:user:toshmurph","2022-05-12T14:26:02Z"
"spotify:track:6HbBUdD6hbRFMWPorj1AmV","Rebel (If I Lie)","spotify:artist:6RBs2gBQlEgSAITbC9wB6h","Eli Rose","spotify:album:20G85Unjp90sqiGsbQEogi","Rebel (If I Lie) / Rebelle","spotify:artist:6RBs2gBQlEgSAITbC9wB6h","Eli Rose","2020-05-08","https://i.scdn.co/image/ab67616d0000b273a9a94069b78b59df61a5161e","1","1","202139","https://p.scdn.co/mp3-preview/9548ae96fb28652398f33fc9eea1b98e12df28d4?cid=9950ac751e34487dbbe027c4fd7f8e99","false","37","CAUM72000086","spotify:user:toshmurph","2022-05-12T14:26:02Z"
"spotify:track:3gqCovCUVjiSsVNi7zIa5F","The Swan","spotify:artist:5oaPPNGksJXRCmQBTT6LFf","Mack Winter","spotify:album:1gCXrybCVnfz0WdhBnZL65","The Swan","spotify:artist:5oaPPNGksJXRCmQBTT6LFf","Mack Winter","2022-04-29","https://i.scdn.co/image/ab67616d0000b273e2f2c4cc3d63ca9f942b2c61","1","1","132331","https://p.scdn.co/mp3-preview/892f3a8d1650284fa45c16793596ae2716ca399d?cid=9950ac751e34487dbbe027c4fd7f8e99","false","44","GX4R52277845","spotify:user:toshmurph","2022-05-12T14:26:02Z"
"spotify:track:0nY84tEdJtJos64xoqU6w7","Home","spotify:artist:0DQyGaSC9vVf8Mt5eEnacK","Chester Reign","spotify:album:10so1p00XaXbLFc0n36kKC","Home","spotify:artist:0DQyGaSC9vVf8Mt5eEnacK","Chester Reign","2022-04-29","https://i.scdn.co/image/ab67616d0000b2739e47e739e66676895e1caf6a","1","1","137035","https://p.scdn.co/mp3-preview/df7dca577a8a56f67685344911f8f1a11e1f6fbe?cid=9950ac751e34487dbbe027c4fd7f8e99","false","40","GX4R52277905","spotify:user:toshmurph","2022-05-12T14:26:02Z"
"spotify:track:6BdzY0KTVSqMNa2b8K4h8u","Atlantico","spotify:artist:2hucdsWygI7yl1lH8GnREw","Ahzuras","spotify:album:3GEHTxsvC8k6z9q5Uldwap","Atlantico","spotify:artist:2hucdsWygI7yl1lH8GnREw","Ahzuras","2022-04-08","https://i.scdn.co/image/ab67616d0000b2737f2c27271ebac566b6c15175","1","1","148159","https://p.scdn.co/mp3-preview/c82e80d73bfc97678e9a9cdef706f6b3c217393d?cid=9950ac751e34487dbbe027c4fd7f8e99","false","47","TCAGD2273803","spotify:user:toshmurph","2022-05-12T14:26:02Z"
"spotify:track:0MUh20kYFOG1vN8R6GEAnR","About Today","spotify:artist:2cCUtGK9sDU2EoElnk0GNB","The National","spotify:album:2kDz8nWLPl3jmrO3xeFUXL","Cherry Tree","spotify:artist:2cCUtGK9sDU2EoElnk0GNB","The National","2004-07-20","https://i.scdn.co/image/ab67616d0000b273f2ec29cc7e4a1ea2bd1f6f21","1","5","250760","","false","0","USI4R0508291","spotify:user:toshmurph","2022-05-12T14:26:02Z"
"spotify:track:5SdDHHY0WqIe6D1ZFxBhY7","Week No. 8","spotify:artist:0DQyGaSC9vVf8Mt5eEnacK","Chester Reign","spotify:album:6go6TGnfv3iIV46pWWo7Fk","Week No. 8","spotify:artist:0DQyGaSC9vVf8Mt5eEnacK","Chester Reign","2022-04-29","https://i.scdn.co/image/ab67616d0000b273a2c1071c505f870109b0a272","1","1","273372","","false","0","GX4R52277906","spotify:user:toshmurph","2022-05-12T14:26:02Z"
"spotify:track:2jWo7Jaul9xyQtvTIJfUme","Conversation with Myself","spotify:artist:2hucdsWygI7yl1lH8GnREw","Ahzuras","spotify:album:6c9PWHDpJZvVPxZEw3tDM4","Conversation with Myself","spotify:artist:2hucdsWygI7yl1lH8GnREw","Ahzuras","2022-04-08","https://i.scdn.co/image/ab67616d0000b273db8675934e6f13f193df30c4","1","1","212060","https://p.scdn.co/mp3-preview/28b7fd1e18cd177d3f53fca852412f1c5f8af094?cid=9950ac751e34487dbbe027c4fd7f8e99","false","47","TCAGD2273820","spotify:user:toshmurph","2022-05-12T14:26:02Z"
"spotify:track:3hxoYmSHzIBwSS2bPTOfbg","Misread","spotify:artist:41AbNVba2ccpmcc9QtOJE7","Kings of Convenience","spotify:album:5QE8eXeN0q8M7atLb1fT6c","Riot On An Empty Street","spotify:artist:41AbNVba2ccpmcc9QtOJE7","Kings of Convenience","2004-01-01","https://i.scdn.co/image/ab67616d0000b273d71c263a42991967290401af","1","2","188400","","false","5","GBDCG0400006","spotify:user:toshmurph","2022-05-12T14:26:02Z"
"spotify:track:0oV1AqdhqhTnHiKK0okBwd","Ambre","spotify:artist:2hucdsWygI7yl1lH8GnREw","Ahzuras","spotify:album:2I68q88D4ktse3tG7aECrb","Ambre","spotify:artist:2hucdsWygI7yl1lH8GnREw","Ahzuras","2022-04-08","https://i.scdn.co/image/ab67616d0000b273df64a134016b533a72b43e26","1","1","252229","https://p.scdn.co/mp3-preview/b1562874acc034746bc30cb751459952badb92b7?cid=9950ac751e34487dbbe027c4fd7f8e99","false","45","TCAGD2273714","spotify:user:toshmurph","2022-05-12T14:26:02Z"
"spotify:track:3dB80di8lmoWQD8v3qoJXT","No Depression","spotify:artist:4C50EbCS11M0VbGyH3OfLt","Bahamas","spotify:album:6TlrlV9TtPdNbYsv3dY9Xv","Earthtones","spotify:artist:4C50EbCS11M0VbGyH3OfLt","Bahamas","2018-01-19","https://i.scdn.co/image/ab67616d0000b273845b57691cc4749ddc9ea0e3","1","10","186946","","false","0","USUG11701538","spotify:user:toshmurph","2022-05-12T14:26:02Z"
"spotify:track:6XuoaKF9i1i2y2HfegB5yB","All About You - Acoustic","spotify:artist:7t6GsqGAwrj1kwYbvNX0hN, spotify:artist:5nm8xNDJvPX3ncbw3TSaXs, spotify:artist:72y6ZcVnnS8NC6QkDhtevd","Classified, Breagh Isabel, Brett Matthews","spotify:album:6HXmFuGO7eXPmkOtzUkQ9D","All About You (Acoustic)","spotify:artist:7t6GsqGAwrj1kwYbvNX0hN","Classified","2022-02-04","https://i.scdn.co/image/ab67616d0000b273dfd3a7336731e3932891d734","1","1","243909","https://p.scdn.co/mp3-preview/9ad9942e89dfd958d1a9314a7fec981493bda1f4?cid=9950ac751e34487dbbe027c4fd7f8e99","true","29","CACN42100047","spotify:user:toshmurph","2022-05-12T14:26:02Z"
"spotify:track:2mFWXeXmghEkm2jcPtXntU","Lake Shore Drive","spotify:artist:1sahk8ZhHF9FB59DMyDi8D","The Disco Biscuits","spotify:album:4stUGWIUSHrqa0sP6EzAsf","Lake Shore Drive","spotify:artist:1sahk8ZhHF9FB59DMyDi8D","The Disco Biscuits","2022-03-04","https://i.scdn.co/image/ab67616d0000b273bab0cd3bbde6e24745569fe5","1","1","272700","https://p.scdn.co/mp3-preview/ba2a2e30a184e6c4785761e0a9c9fef15515018f?cid=9950ac751e34487dbbe027c4fd7f8e99","false","25","QM4TW2263842","spotify:user:toshmurph","2022-05-12T14:26:02Z"
"spotify:track:0gh4DPIsVDddi1sZY8pDJN","Summer Slow 88","spotify:artist:5Hunwp6tQa4z3l9CFwHE7K","LE NOISEUR","spotify:album:7cr3mtSyqManqfBdeT4nJf","Musique de Chambre","spotify:artist:5Hunwp6tQa4z3l9CFwHE7K","LE NOISEUR","2020-01-24","https://i.scdn.co/image/ab67616d0000b273b4ea6b2ed1a5540a638b4d05","1","4","205586","https://p.scdn.co/mp3-preview/2201e31a20e679823558487bb7c2f230335ff8b7?cid=9950ac751e34487dbbe027c4fd7f8e99","false","26","FR35T1900010","spotify:user:toshmurph","2022-05-12T14:26:02Z"
"spotify:track:6UofkwvRPHUwq9iEG9VMEK","Forever Mine","spotify:artist:6foP1FxrbPWJ7byQW5uzHW, spotify:artist:2K63bqHDSj7JSW60BSGcur, spotify:artist:36rx4gUHmWdaIQ6lzEgFyi","Lordnox, Junerule, Madamarye","spotify:album:7KoW7uN52ukuDsXwJHLcbb","Forever Mine","spotify:artist:6foP1FxrbPWJ7byQW5uzHW, spotify:artist:2K63bqHDSj7JSW60BSGcur, spotify:artist:36rx4gUHmWdaIQ6lzEgFyi","Lordnox, Junerule, Madamarye","2020-06-05","https://i.scdn.co/image/ab67616d0000b273ba5ab5adca267908a86460f5","1","1","213338","https://p.scdn.co/mp3-preview/5651aca3ed9050bfd2352c6fa4f14fcffd84c267?cid=9950ac751e34487dbbe027c4fd7f8e99","false","36","TCAEW2082985","spotify:user:toshmurph","2022-05-12T14:26:02Z"
"spotify:track:4MF13EQrQftevIUwXcLQHS","Ice Cream & Cigarettes","spotify:artist:3exZi47Gf3ZlXjKbvLp5Wm","Million Miles","spotify:album:2y2szuP1tMpaGCJhb2TfRM","Ice Cream & Cigarettes","spotify:artist:3exZi47Gf3ZlXjKbvLp5Wm","Million Miles","2017-08-18","https://i.scdn.co/image/ab67616d0000b2739e32f9f33783e69dede46ca3","1","1","172240","","false","0","GBKPL1785212","spotify:user:toshmurph","2022-05-12T14:26:02Z"
"spotify:track:295WZ1UJn67ZaiQMWrSkys","Little Numbers","spotify:artist:7I7ObCLzhAnOchc4fCQiRX","BOY","spotify:album:2VyjlDS3eanDoROZDcddU7","Mutual Friends","spotify:artist:7I7ObCLzhAnOchc4fCQiRX","BOY","2011","https://i.scdn.co/image/ab67616d0000b273a9049a9517a8aa235618c3d8","1","4","220040","https://p.scdn.co/mp3-preview/fc2012a5e5bc109b11c33a062f0192bcf16dd3cb?cid=9950ac751e34487dbbe027c4fd7f8e99","false","41","GBLAZ1100317","spotify:user:toshmurph","2022-05-12T14:26:02Z"
"spotify:track:0jsezJ6ZF2MjxTGIqSQfWC","Para Machuchar Meu Coracao","spotify:artist:0FMucZsEnCxs5pqBjHjIc8, spotify:artist:77ZUbcdoU5KCPHNUl8bgQy, spotify:artist:3pO5VjZ4wOHCMBXOvbMISG","Stan Getz, João Gilberto, Antônio Carlos Jobim","spotify:album:4TcCL29jgD69v38woQX85i","Stan Getz: The Bossa Nova Albums","spotify:artist:0FMucZsEnCxs5pqBjHjIc8","Stan Getz","2008-01-01","https://i.scdn.co/image/ab67616d0000b2738294e2c0aed88a6a68791a0c","4","3","309813","","false","0","USPR36312114","spotify:user:toshmurph","2022-05-12T14:26:02Z"
"spotify:track:0bORdXCiaglwcI2c4V3hNA","Agua de Beber","spotify:artist:3pO5VjZ4wOHCMBXOvbMISG","Antônio Carlos Jobim","spotify:album:5mctboYhRrVDokcffc8u22","The Composer of Desafinado Plays","spotify:artist:3pO5VjZ4wOHCMBXOvbMISG","Antônio Carlos Jobim","1963","https://i.scdn.co/image/ab67616d0000b2731d92bc38be6144224b70af6d","1","3","170506","https://p.scdn.co/mp3-preview/3917d670f4dd57c5f4c8e4cbc6d67494a5eb6ec7?cid=9950ac751e34487dbbe027c4fd7f8e99","false","47","NLG620488897","spotify:user:toshmurph","2022-05-12T14:26:02Z"
"spotify:track:4Y977QiWkYihTCYGKLx7os","One Note Samba","spotify:artist:0t7vWPRBcVv4xBEHPZHSWA","Sitti","spotify:album:0JPSXvzFg02DSytNE16MSw","Cafe Bossa","spotify:artist:0t7vWPRBcVv4xBEHPZHSWA","Sitti","2006-01-25","https://i.scdn.co/image/ab67616d0000b2731ab6e4996375add22eb08108","1","8","131039","https://p.scdn.co/mp3-preview/49eb8788c8c6a259061c6483a55b19a30bf21f92?cid=9950ac751e34487dbbe027c4fd7f8e99","false","34","PHW010501254","spotify:user:toshmurph","2022-05-12T14:26:02Z"
"spotify:track:1ygramYzHukfxHwIHClfFv","Soft Melody","spotify:artist:0t7vWPRBcVv4xBEHPZHSWA","Sitti","spotify:album:0JPSXvzFg02DSytNE16MSw","Cafe Bossa","spotify:artist:0t7vWPRBcVv4xBEHPZHSWA","Sitti","2006-01-25","https://i.scdn.co/image/ab67616d0000b2731ab6e4996375add22eb08108","1","9","228986","https://p.scdn.co/mp3-preview/a56e48a6b96a8fcff06e5eb695668c117ed4bbb5?cid=9950ac751e34487dbbe027c4fd7f8e99","false","30","PHW010501255","spotify:user:toshmurph","2022-05-12T14:26:02Z"
"spotify:track:2vEiZXh9CeYRwvipxt9T8u","Fly Me to the Moon","spotify:artist:0t7vWPRBcVv4xBEHPZHSWA","Sitti","spotify:album:0JPSXvzFg02DSytNE16MSw","Cafe Bossa","spotify:artist:0t7vWPRBcVv4xBEHPZHSWA","Sitti","2006-01-25","https://i.scdn.co/image/ab67616d0000b2731ab6e4996375add22eb08108","1","17","192546","https://p.scdn.co/mp3-preview/5de4c6d3b271ddc147559b47c0c4751b97fe6a54?cid=9950ac751e34487dbbe027c4fd7f8e99","false","40","PHW010501263","spotify:user:toshmurph","2022-05-12T14:26:02Z"
"spotify:track:3YFizlH5ZOqhvXGKZnqnp6","Don't Know What to Say (Don't Know What to Do)","spotify:artist:4Ap2fQM76ym4y66LiZFSnO","Raffi Quijano","spotify:album:5UoiNIwJx8eO1PCyQK65bK","Manila Blend","spotify:artist:4Ap2fQM76ym4y66LiZFSnO","Raffi Quijano","2006-10-27","https://i.scdn.co/image/ab67616d0000b273b8d6f783760bebec8fea46db","1","12","203280","","false","0","PHV031014062","spotify:user:toshmurph","2022-05-12T14:26:02Z"
"spotify:track:0SAOda92hEoiXU6yC0KeJ3","Till There Was You","spotify:artist:0t7vWPRBcVv4xBEHPZHSWA","Sitti","spotify:album:3fsgQPCmCIYpIi21FciJkh","Bossa Covers","spotify:artist:0t7vWPRBcVv4xBEHPZHSWA","Sitti","2012-05-16","https://i.scdn.co/image/ab67616d0000b2737f83a043468219a3635ace09","1","10","178706","https://p.scdn.co/mp3-preview/0ae92bb2ee8d34df60535dec6cda9b68b2beed4d?cid=9950ac751e34487dbbe027c4fd7f8e99","false","41","PHW010900065","spotify:user:toshmurph","2022-05-12T14:26:02Z"
"spotify:track:7dbnw3cDgeDxOxJJ7QiAiD","Backseat (Kiss Me)","spotify:artist:53fzjsJnjEKkA6TdncuIM4","Jutes","spotify:album:4Ki0gJB5VxRcU6NUziCIfN","Backseat (Kiss Me)","spotify:artist:53fzjsJnjEKkA6TdncuIM4","Jutes","2020-10-08","https://i.scdn.co/image/ab67616d0000b273ae3ab518d52bc05c6af7f5df","1","1","166060","https://p.scdn.co/mp3-preview/80bc0d06ee9a5c2095074320b5addaeb801afdc6?cid=9950ac751e34487dbbe027c4fd7f8e99","false","41","USUM72019409","spotify:user:toshmurph","2022-05-12T14:26:02Z"
"spotify:track:6MVTHqLBpefPuaODvtU3wd","Wave","spotify:artist:6P4y8CZPgk4uB6UlJV5uwS","Paula Sergio","spotify:album:7iFtBoq7mSSnMKWoePFOpG","Brasil Bossa Nova Grandes Autores Vinicius Toquinho Tom Jobin","spotify:artist:6P4y8CZPgk4uB6UlJV5uwS","Paula Sergio","2009-04-01","https://i.scdn.co/image/ab67616d0000b2738e6c9f6107e3b735418ed2a8","1","5","201680","https://p.scdn.co/mp3-preview/76a66eb5a53dbac434498d35b297170929003864?cid=9950ac751e34487dbbe027c4fd7f8e99","false","56","ARG991001421","spotify:user:toshmurph","2022-05-12T14:26:02Z"
"spotify:track:5MwAQzKhQxD8LOnY2r5WJh","Walk My Way","spotify:artist:5s4A2V3bC4aNJwoIFQgxtK","Broken Darling","spotify:album:6Plj662nYHiP4WmN51h160","Sweet Dreamer","spotify:artist:5s4A2V3bC4aNJwoIFQgxtK","Broken Darling","2020-04-17","https://i.scdn.co/image/ab67616d0000b273d59ae86dd6e4bb67181305cc","1","1","237750","https://p.scdn.co/mp3-preview/c57fde90dfc332ae8000e8f3576e37273a402e21?cid=9950ac751e34487dbbe027c4fd7f8e99","false","16","ITR552000133","spotify:user:toshmurph","2022-05-12T14:26:02Z"
"spotify:track:6NjTtGBH0vhqV3dXSZNdGS","Smooth Operator (Bossa Version)","spotify:artist:6HDQnEYnyn9ToT7pvM5LAr","Eduardo Braga","spotify:album:2wCuVKQBahG3k2luOVPaN8","Relaxing Bossa Lounge 9","spotify:artist:0LyfQWJT6nXafLPZqxe9Of","Various Artists","2012-02-23","https://i.scdn.co/image/ab67616d0000b273eda57fc8bbd2ae9e9d1f80b8","1","6","233871","https://p.scdn.co/mp3-preview/da1c9cfebf8907238804fce6ef25a16f335a0f06?cid=9950ac751e34487dbbe027c4fd7f8e99","false","29","BRB580700100","spotify:user:toshmurph","2022-05-12T14:26:02Z"
"spotify:track:5QTX7rX1uq11ic4R40tlsW","How Deep Is Your Love","spotify:artist:5nfHJzpqgnoQKC4tlczmDN","Maria Augusta","spotify:album:1iK2rhkqrsZzrvu3EOhkeG","Cool Covers in Bossa Nova: Taste of Saudade","spotify:artist:0LyfQWJT6nXafLPZqxe9Of","Various Artists","2017-02-08","https://i.scdn.co/image/ab67616d0000b273b41af329ded4d8437cdf37af","1","3","204613","https://p.scdn.co/mp3-preview/077c421bae138112a4cead64de5cab8372446458?cid=9950ac751e34487dbbe027c4fd7f8e99","false","49","FR6V81995074","spotify:user:toshmurph","2022-05-12T14:26:02Z"
"spotify:track:45EmPoTxkIXNve1jm7oRTE","August 12th","spotify:artist:5XboTqSD1RnWR5vkwsHxDt","Night Teacher","spotify:album:4EKTpwT5LQlRz4UQ7ULk8v","Night Teacher","spotify:artist:5XboTqSD1RnWR5vkwsHxDt","Night Teacher","2020-06-20","https://i.scdn.co/image/ab67616d0000b2737a7d420eb39b068670b505b1","1","3","284026","https://p.scdn.co/mp3-preview/8f0f0c44396bee86e64fe981ab4f4b3b94f12775?cid=9950ac751e34487dbbe027c4fd7f8e99","false","19","USDY42049313","spotify:user:toshmurph","2022-05-12T14:26:02Z"
"spotify:track:6USGOSD8d9KCbpVsAMDpK6","Bleeding Love (Bossa Version)","spotify:artist:3LPPGZrVd6moExHlmR7zLr","Rachelle Spring","spotify:album:2avhCfwE4OgHEmqQG6Bf0o","Relaxing Bossa Lounge 3","spotify:artist:0LyfQWJT6nXafLPZqxe9Of","Various Artists","2010-03-31","https://i.scdn.co/image/ab67616d0000b2735f8667795c59d58a9867be88","1","9","225959","https://p.scdn.co/mp3-preview/eca3be4fa7d8a3d95264d8a597052bfcd16cdf7e?cid=9950ac751e34487dbbe027c4fd7f8e99","false","53","BRB580800019","spotify:user:toshmurph","2022-05-12T14:26:02Z"
"spotify:track:3XT9CvlJxIPhAXcfyLAqC8","Over and Over","spotify:artist:7vVpa6JI8O58DvgiUdswHk","Kolby Knickerbocker","spotify:album:5BaqWiZmFBHLZKhua29Xwl","Over and Over","spotify:artist:7vVpa6JI8O58DvgiUdswHk","Kolby Knickerbocker","2021-02-10","https://i.scdn.co/image/ab67616d0000b273a7d093e1e621960162589841","1","1","269004","https://p.scdn.co/mp3-preview/eb378bc08430a212219b431c81bfcea30f3bf8a6?cid=9950ac751e34487dbbe027c4fd7f8e99","false","28","QZAXL2100002","spotify:user:toshmurph","2022-05-12T14:26:02Z"
"spotify:track:6aU9fAS5yJTHgrIlnpRNFx","Wishful Thinking","spotify:artist:0jcR2IFFsEtMra80c9Zaei, spotify:artist:1mIf4tLRj9nww55KZwBEYm","inch, Jonny Ong","spotify:album:0pmjFAaeDVHExRInlhBwOj","Wishful Thinking","spotify:artist:1mIf4tLRj9nww55KZwBEYm, spotify:artist:0jcR2IFFsEtMra80c9Zaei","Jonny Ong, inch","2021-02-12","https://i.scdn.co/image/ab67616d0000b273a2f1d0db1e1f67b20fc0670b","1","1","299173","https://p.scdn.co/mp3-preview/1356ae6f7ac2d45c1c52f1aba1d4b55cbeadeaf6?cid=9950ac751e34487dbbe027c4fd7f8e99","false","27","UKWJW2000011","spotify:user:toshmurph","2022-05-12T14:26:02Z"
"spotify:track:5sMLwzy3mPosjknggaNzWp","Outta My Mind (Ohyah!)","spotify:artist:4w1XvrIYOhR004LPZXOsQN","Ohyah.","spotify:album:0wQ6Dh2VNeEpkheQWZdZdR","Outta My Mind (Ohyah!)","spotify:artist:4w1XvrIYOhR004LPZXOsQN","Ohyah.","2020-10-16","https://i.scdn.co/image/ab67616d0000b2739f06889ddf4bc4bf07faf3fa","1","1","216310","https://p.scdn.co/mp3-preview/9e81c52201499bf87f254d1bfee3523fe8bcc124?cid=9950ac751e34487dbbe027c4fd7f8e99","false","19","QZMEN2002601","spotify:user:toshmurph","2022-05-12T14:26:02Z"
"spotify:track:7u1QpQ0d4QMiwBesqdylf0","fray","spotify:artist:1Qw6FEIKnGpnU47rgcsDhG","Gillian Heidi","spotify:album:4O6Xhbh5zqbrvMss8xBCzw","fray","spotify:artist:1Qw6FEIKnGpnU47rgcsDhG","Gillian Heidi","2020-09-18","https://i.scdn.co/image/ab67616d0000b273b0e670fdb145e38561808b8e","1","1","212603","https://p.scdn.co/mp3-preview/26b889b81999bb8c5b6beffbca119a3956048ea0?cid=9950ac751e34487dbbe027c4fd7f8e99","false","19","QZK6L2069457","spotify:user:toshmurph","2022-05-12T14:26:02Z"
"spotify:track:06lEEwDNIo9vfel8GcsEHV","Hype off Your Love","spotify:artist:1HbXE6X9zZ7qZTiZDgEpvh, spotify:artist:35V85QUB0dxx7I4Q6AAc5w, spotify:artist:6VwDZ6kAtwpng8gGLHTkVz","Time To Talk, Max Vermeulen, Lindsxy Mesenburg","spotify:album:50giNcgPK9VmdASjvZfYfF","Hype off Your Love","spotify:artist:1HbXE6X9zZ7qZTiZDgEpvh, spotify:artist:35V85QUB0dxx7I4Q6AAc5w, spotify:artist:6VwDZ6kAtwpng8gGLHTkVz","Time To Talk, Max Vermeulen, Lindsxy Mesenburg","2021-04-23","https://i.scdn.co/image/ab67616d0000b273318f00a58bb1ee8b9b3d410b","1","1","181714","https://p.scdn.co/mp3-preview/04d27dd5fc806a40b485b2793f89d9373d07c940?cid=9950ac751e34487dbbe027c4fd7f8e99","false","45","TCAFM2132896","spotify:user:toshmurph","2022-05-12T14:26:02Z"
"spotify:track:7hkp5p0bZ2wXEzGKRA8kxM","No Friends","spotify:artist:24BtkQiqEsihQnepFA7tcU, spotify:artist:1R1TK0jfKGGyKy975brqOt","Valid Point., .irg","spotify:album:4yTzpkDN0tSsnHj8evewsv","No Friends","spotify:artist:24BtkQiqEsihQnepFA7tcU","Valid Point.","2020-09-11","https://i.scdn.co/image/ab67616d0000b273851c39de138ad8297084cbaa","1","1","195000","https://p.scdn.co/mp3-preview/e9b020c8a8952a43fa4c699280a0d54a5789ab91?cid=9950ac751e34487dbbe027c4fd7f8e99","false","20","QZK6N2085243","spotify:user:toshmurph","2022-05-12T14:26:02Z"
"spotify:track:3OgfYCgGJ44q9ojcyjYA5A","Sex & Vine","spotify:artist:7xJ7zpVHV5QcKdENl7caRI","Bohèmiq","spotify:album:0W09waYy6ulb7ZQDO9Ohu6","Sex & Vine","spotify:artist:7xJ7zpVHV5QcKdENl7caRI","Bohèmiq","2021-08-27","https://i.scdn.co/image/ab67616d0000b273bb8672437215e50b88453615","1","1","252000","https://p.scdn.co/mp3-preview/e1a801717181700e23ca226d7ff028af6d789c1a?cid=9950ac751e34487dbbe027c4fd7f8e99","false","18","GBKQU2183671","spotify:user:toshmurph","2022-05-12T14:26:02Z"
"spotify:track:0bgywwjCZNs0JIIOPM0IGw","Home In the Sky (Melloe D LoFi Remix)","spotify:artist:0CR2LOBZJI8NrzYZykxQe5, spotify:artist:4n9punzhmPTvX0KIHDPW7U","The Groove Project, Melloe D","spotify:album:2HXJMQANdpUsV5IQvMhmlr","Home In the Sky (Melloe D LoFi Remix)","spotify:artist:0CR2LOBZJI8NrzYZykxQe5","The Groove Project","2021-02-26","https://i.scdn.co/image/ab67616d0000b273675c2cb93df311564b4f4753","1","1","155581","https://p.scdn.co/mp3-preview/6d02b5769547866517a3dee1cfedbf7d208322ba?cid=9950ac751e34487dbbe027c4fd7f8e99","false","20","USANG2180471","spotify:user:toshmurph","2022-05-12T14:26:02Z"
"spotify:track:5prVNiMkpcCPPNXNcWPEeb","Wonderwall","spotify:artist:2sSQ4L0LAvDQNR4Tpdfzaq, spotify:artist:5A0kiRRISmsxT3nJtJpQx3","Bossanatics, Ana Costa","spotify:album:0Pve7p8kWfdx7hIH6dv8Px","Best of Bossa Lounge (International Version)","spotify:artist:0LyfQWJT6nXafLPZqxe9Of","Various Artists","2014-06-20","https://i.scdn.co/image/ab67616d0000b2739fc8d95ab9017e66591af160","1","40","260355","","false","0","DES401400040","spotify:user:toshmurph","2022-05-12T14:26:02Z"
"spotify:track:38m5k0OUA0ajUz6FXsQxhL","Midnight","spotify:artist:7xJ7zpVHV5QcKdENl7caRI","Bohèmiq","spotify:album:4ddvadnhsF4GqNPsCtxV07","Midnight","spotify:artist:7xJ7zpVHV5QcKdENl7caRI","Bohèmiq","2021-10-14","https://i.scdn.co/image/ab67616d0000b273b0ef41bc6206b103e895436f","1","1","237176","https://p.scdn.co/mp3-preview/34809354b5270f0274f44492acb96944ebc45cdf?cid=9950ac751e34487dbbe027c4fd7f8e99","false","18","GBKQU2197390","spotify:user:toshmurph","2022-05-12T14:26:02Z"
"spotify:track:29rZHTVOpAZOHHruYexnM2","Sack Full of Dreams","spotify:artist:2Zh5zvQdDOGdk9jQDBusfq","Mercedes Nicole","spotify:album:7dZS1XtRML62Gg2GlmxQoZ","Dare to Love-Dare to Dream","spotify:artist:2Zh5zvQdDOGdk9jQDBusfq","Mercedes Nicole","2023-07-19","https://i.scdn.co/image/ab67616d0000b27325297a2fb04d84878e067725","1","7","263084","https://p.scdn.co/mp3-preview/27bc111098a44cb34c3e1aaa4bacf68d30288bc8?cid=9950ac751e34487dbbe027c4fd7f8e99","false","17","GBLFP2343700","spotify:user:toshmurph","2023-08-02T19:02:07Z"
"spotify:track:3cLwiG3BSDbmqznubhQ6bq","Before (single remaster) - Remaster","spotify:artist:7KdbsXgjkFi560edyKcj22","Alan Dweck","spotify:album:32tE4kJOn7OYq64XqOQcxA","Before (single remaster) [Remaster]","spotify:artist:7KdbsXgjkFi560edyKcj22","Alan Dweck","2021-04-09","https://i.scdn.co/image/ab67616d0000b27305f3acea03761673bcf15ee1","1","1","305771","https://p.scdn.co/mp3-preview/b0adf8a95f405786fd50bee9564f98aad8a822a1?cid=9950ac751e34487dbbe027c4fd7f8e99","false","18","QZES52196618","spotify:user:toshmurph","2022-05-12T14:26:02Z"
